"geo_id","geo_area","naics","gender_eth_race_vet","yrs_bus","year","num_bus_paid_emp","per_bus_paid_emp","se_bus_paid_emp"
0,92,17,0,0,"2016","3641879","69.7","0.2"
0,92,17,0,0,"2016","1114797","21.3","0.6"
0,92,17,0,0,"2016","215576","4.1","1.2"
0,92,17,0,0,"2016","380986","7.3","1.4"
0,92,17,0,0,"2016","5223412","100.0","0.1"
0,92,17,0,0,"2016","11144",NULL,"4.1"
0,92,17,0,6,"2016","366437","79.8","1.0"
0,92,17,0,6,"2016","78398","17.1","2.2"
0,92,17,0,6,"2016","4930","1.1","10.2"
0,92,17,0,6,"2016","17481","3.8","4.6"
0,92,17,0,6,"2016","459146","100.0","1.1"
0,92,17,0,6,"2016","1254",NULL,"19.7"
0,92,17,0,3,"2016","498186","78.7","0.7"
0,92,17,0,3,"2016","110229","17.4","2.7"
0,92,17,0,3,"2016","8819","1.4","3.9"
0,92,17,0,3,"2016","25942","4.1","3.8"
0,92,17,0,3,"2016","633237","100.0","0.7"
0,92,17,0,3,"2016","1360",NULL,"13.3"
0,92,17,0,4,"2016","366243","77.9","0.7"
0,92,17,0,4,"2016","83640","17.8","1.7"
0,92,17,0,4,"2016","7342","1.6","9.0"
0,92,17,0,4,"2016","20912","4.4","3.7"
0,92,17,0,4,"2016","470001","100.0","0.6"
0,92,17,0,4,"2016","977",NULL,"15.4"
0,92,17,0,5,"2016","722174","75.8","0.4"
0,92,17,0,5,"2016","182453","19.1","1.1"
0,92,17,0,5,"2016","17985","1.9","4.2"
0,92,17,0,5,"2016","47914","5.0","2.9"
0,92,17,0,5,"2016","952833","100.0","0.3"
0,92,17,0,5,"2016","2057",NULL,"9.8"
0,92,17,0,1,"2016","560310","74.0","0.9"
0,92,17,0,1,"2016","150653","19.9","1.2"
0,92,17,0,1,"2016","17035","2.3","7.7"
0,92,17,0,1,"2016","43204","5.7","3.3"
0,92,17,0,1,"2016","756904","100.0","0.7"
0,92,17,0,1,"2016","1316",NULL,"17.1"
0,92,17,0,2,"2016","1128530","57.8","0.5"
0,92,17,0,2,"2016","509423","26.1","0.9"
0,92,17,0,2,"2016","159465","8.2","1.6"
0,92,17,0,2,"2016","225532","11.6","1.5"
0,92,17,0,2,"2016","1951291","100.0","0.3"
0,92,17,0,2,"2016","4180",NULL,"9.8"
0,92,17,4,0,"2016","1087837","68.1","0.5"
0,92,17,4,0,"2016","312532","19.6","0.7"
0,92,17,4,0,"2016","81471","5.1","1.7"
0,92,17,4,0,"2016","153424","9.6","1.8"
0,92,17,4,0,"2016","1597979","100.0","0.4"
0,92,17,4,0,"2016","3202",NULL,"8.7"
0,92,17,6,0,"2016","2554042","70.4","0.2"
0,92,17,6,0,"2016","802264","22.1","0.8"
0,92,17,6,0,"2016","134104","3.7","1.4"
0,92,17,6,0,"2016","227562","6.3","1.7"
0,92,17,6,0,"2016","3625433","100.0","0.2"
0,92,17,6,0,"2016","7942",NULL,"4.6"
0,92,17,5,0,"2016","238371","77.7","1.2"
0,92,17,5,0,"2016","47388","15.4","1.8"
0,92,17,5,0,"2016","6839","2.2","11.1"
0,92,17,5,0,"2016","19579","6.4","5.7"
0,92,17,5,0,"2016","306929","100.0","0.9"
0,92,17,5,0,"2016","660",NULL,"27.0"
0,92,17,9,0,"2016","3403508","69.2","0.2"
0,92,17,9,0,"2016","1067409","21.7","0.6"
0,92,17,9,0,"2016","208737","4.2","1.2"
0,92,17,9,0,"2016","361407","7.4","1.3"
0,92,17,9,0,"2016","4916483","100.0","0.1"
0,92,17,9,0,"2016","10484",NULL,"3.8"
0,92,17,14,0,"2016","3183089","69.7","0.2"
0,92,17,14,0,"2016","951604","20.8","0.7"
0,92,17,14,0,"2016","203525","4.5","1.2"
0,92,17,14,0,"2016","346640","7.6","1.4"
0,92,17,14,0,"2016","4569600","100.0","0.1"
0,92,17,14,0,"2016","9678",NULL,"5.0"
0,92,17,3,0,"2016","72364","82.0","2.1"
0,92,17,3,0,"2016","11460","13.0","5.5"
0,92,17,3,0,"2016","2432","2.8","5.8"
0,92,17,3,0,"2016","3767","4.3","9.3"
0,92,17,3,0,"2016","88202","100.0","2.2"
0,92,17,3,0,"2016","97",NULL,"34.1"
0,92,17,1,0,"2016","24111","76.3","1.9"
0,92,17,1,0,"2016","5257","16.6","6.4"
0,92,17,1,0,"2016","1239","3.9","10.0"
0,92,17,1,0,"2016","2110","6.7","9.2"
0,92,17,1,0,"2016","31610","100.0","2.5"
0,92,17,1,0,"2016","68",NULL,"73.6"
0,92,17,2,0,"2016","335468","67.3","0.9"
0,92,17,2,0,"2016","139232","27.9","2.0"
0,92,17,2,0,"2016","8186","1.6","7.4"
0,92,17,2,0,"2016","26907","5.4","5.4"
0,92,17,2,0,"2016","498325","100.0","0.8"
0,92,17,2,0,"2016","1150",NULL,"12.2"
0,92,17,8,0,"2016","4835","70.5","6.0"
0,92,17,8,0,"2016","1178","17.2","10.7"
0,92,17,8,0,"2016","485","7.1","25.7"
0,92,17,8,0,"2016","548","8.0","15.8"
0,92,17,8,0,"2016","6854","100.0","4.1"
0,92,17,8,0,"2016","0",NULL,"0.0"
0,92,17,12,0,"2016","61831","74.3","1.8"
0,92,17,12,0,"2016","16119","19.4","3.8"
0,92,17,12,0,"2016","1716","2.1","16.0"
0,92,17,12,0,"2016","5051","6.1","8.4"
0,92,17,12,0,"2016","83218","100.0","1.6"
0,92,17,12,0,"2016","230",NULL,"50.0"
0,92,17,7,0,"2016","672492","72.3","0.8"
0,92,17,7,0,"2016","206535","22.2","1.3"
0,92,17,7,0,"2016","18674","2.0","5.4"
0,92,17,7,0,"2016","52092","5.6","3.1"
0,92,17,7,0,"2016","930151","100.0","0.6"
0,92,17,7,0,"2016","2006",NULL,"13.8"
0,92,17,10,0,"2016","2969387","69.2","0.2"
0,92,17,10,0,"2016","908262","21.2","0.7"
0,92,17,10,0,"2016","196902","4.6","1.2"
0,92,17,10,0,"2016","328894","7.7","1.3"
0,92,17,10,0,"2016","4293262","100.0","0.2"
0,92,17,10,0,"2016","9137",NULL,"5.1"
0,92,17,13,0,"2016","327850","74.0","0.7"
0,92,17,13,0,"2016","89979","20.3","1.1"
0,92,17,13,0,"2016","16822","3.8","5.6"
0,92,17,13,0,"2016","19187","4.3","4.0"
0,92,17,13,0,"2016","443100","100.0","0.7"
0,92,17,13,0,"2016","872",NULL,"17.8"
0,92,17,11,0,"2016","3314029","69.3","0.3"
0,92,17,11,0,"2016","1024818","21.4","0.7"
0,92,17,11,0,"2016","198753","4.2","1.0"
0,92,17,11,0,"2016","361798","7.6","1.4"
0,92,17,11,0,"2016","4780313","100.0","0.1"
0,92,17,11,0,"2016","10272",NULL,"4.4"
0,92,2,0,0,"2016","20072","73.5","3.2"
0,92,2,0,0,"2016","3655","13.4","12.6"
0,92,2,0,0,"2016","1695","6.2","15.0"
0,92,2,0,0,"2016","2666","9.8","12.2"
0,92,2,0,0,"2016","27292","100.0","3.7"
0,92,2,0,0,"2016","39",NULL,"71.0"
0,92,2,4,0,"2016","5918","71.9","5.1"
0,92,2,4,0,"2016","993","12.1","22.7"
0,92,2,4,0,"2016","621","7.5","23.1"
0,92,2,4,0,"2016","1012","12.3","16.4"
0,92,2,4,0,"2016","8233","100.0","5.8"
0,92,2,4,0,"2016","0",NULL,"0.0"
0,92,2,6,0,"2016","14154","74.3","3.5"
0,92,2,6,0,"2016","2662","14.0","9.9"
0,92,2,6,0,"2016","1074","5.6","13.4"
0,92,2,6,0,"2016","1654","8.7","14.2"
0,92,2,6,0,"2016","19059","100.0","3.4"
0,92,2,6,0,"2016","39",NULL,"71.0"
0,92,2,5,0,"2016","952","81.2","16.3"
0,92,2,5,0,"2016","159","13.5","58.8"
0,92,2,5,0,"2016","2","0.2","0.0"
0,92,2,5,0,"2016","59","5.0","50.5"
0,92,2,5,0,"2016","1172","100.0","13.3"
0,92,2,5,0,"2016","0",NULL,"0.0"
0,92,2,9,0,"2016","19120","73.2","3.8"
0,92,2,9,0,"2016","3496","13.4","12.6"
0,92,2,9,0,"2016","1693","6.5","15.1"
0,92,2,9,0,"2016","2607","10.0","12.7"
0,92,2,9,0,"2016","26120","100.0","4.2"
0,92,2,9,0,"2016","39",NULL,"71.0"
0,92,2,14,0,"2016","19413","73.3","3.3"
0,92,2,14,0,"2016","3594","13.6","12.7"
0,92,2,14,0,"2016","1622","6.1","16.1"
0,92,2,14,0,"2016","2641","10.0","12.6"
0,92,2,14,0,"2016","26496","100.0","4.1"
0,92,2,14,0,"2016","39",NULL,"71.0"
0,92,2,3,0,"2016","94","74.6","41.4"
0,92,2,3,0,"2016","1","0.8","0.0"
0,92,2,3,0,"2016","31","24.6","98.3"
0,92,2,3,0,"2016","0","0.0","0.0"
0,92,2,3,0,"2016","126","100.0","34.0"
0,92,2,3,0,"2016","0",NULL,"0.0"
0,92,2,1,0,"2016","111","70.5","31.3"
0,92,2,1,0,"2016","0","0.0","0.0"
0,92,2,1,0,"2016","45","28.9","68.9"
0,92,2,1,0,"2016","57","36.5","61.8"
0,92,2,1,0,"2016","157","100.0","25.9"
0,92,2,1,0,"2016","0",NULL,"0.0"
0,92,2,2,0,"2016","188","70.0","33.6"
0,92,2,2,0,"2016","26","9.8","75.1"
0,92,2,2,0,"2016","32","11.9","95.3"
0,92,2,2,0,"2016","22","8.2","88.7"
0,92,2,2,0,"2016","269","100.0","28.4"
0,92,2,2,0,"2016","0",NULL,"0.0"
0,92,2,8,0,"2016","0",NULL,"0.0"
0,92,2,8,0,"2016","0",NULL,"0.0"
0,92,2,8,0,"2016","0",NULL,"0.0"
0,92,2,8,0,"2016","0",NULL,"0.0"
0,92,2,8,0,"2016","0",NULL,"0.0"
0,92,2,8,0,"2016","0",NULL,"0.0"
0,92,2,12,0,"2016","360","86.6","31.4"
0,92,2,12,0,"2016","55","13.1","65.9"
0,92,2,12,0,"2016","0","0.0","0.0"
0,92,2,12,0,"2016","1","0.2","0.0"
0,92,2,12,0,"2016","416","100.0","28.1"
0,92,2,12,0,"2016","0",NULL,"0.0"
0,92,2,7,0,"2016","1362","78.3","12.1"
0,92,2,7,0,"2016","186","10.7","48.8"
0,92,2,7,0,"2016","110","6.3","41.5"
0,92,2,7,0,"2016","139","8.0","36.5"
0,92,2,7,0,"2016","1740","100.0","10.2"
0,92,2,7,0,"2016","0",NULL,"0.0"
0,92,2,10,0,"2016","18710","73.2","3.7"
0,92,2,10,0,"2016","3469","13.6","12.5"
0,92,2,10,0,"2016","1586","6.2","16.8"
0,92,2,10,0,"2016","2527","9.9","12.6"
0,92,2,10,0,"2016","25552","100.0","4.2"
0,92,2,10,0,"2016","39",NULL,"71.0"
0,92,2,13,0,"2016","1905","77.1","11.3"
0,92,2,13,0,"2016","391","15.8","19.4"
0,92,2,13,0,"2016","143","5.8","33.3"
0,92,2,13,0,"2016","88","3.5","54.9"
0,92,2,13,0,"2016","2470","100.0","9.4"
0,92,2,13,0,"2016","0",NULL,"0.0"
0,92,2,11,0,"2016","18167","73.2","3.3"
0,92,2,11,0,"2016","3264","13.2","13.1"
0,92,2,11,0,"2016","1553","6.3","15.4"
0,92,2,11,0,"2016","2578","10.4","12.9"
0,92,2,11,0,"2016","24822","100.0","3.7"
0,92,2,11,0,"2016","39",NULL,"71.0"
0,92,12,0,0,"2016","17100","68.1","5.6"
0,92,12,0,0,"2016","3598","14.3","8.5"
0,92,12,0,0,"2016","2777","11.1","8.1"
0,92,12,0,0,"2016","2602","10.4","13.6"
0,92,12,0,0,"2016","25127","100.0","3.6"
0,92,12,0,0,"2016","27",NULL,"83.6"
0,92,12,4,0,"2016","3776","57.2","9.2"
0,92,12,4,0,"2016","882","13.4","11.1"
0,92,12,4,0,"2016","1055","16.0","8.4"
0,92,12,4,0,"2016","1200","18.2","17.9"
0,92,12,4,0,"2016","6605","100.0","5.0"
0,92,12,4,0,"2016","0",NULL,"0.0"
0,92,12,6,0,"2016","13324","71.9","5.8"
0,92,12,6,0,"2016","2715","14.7","10.3"
0,92,12,6,0,"2016","1722","9.3","9.6"
0,92,12,6,0,"2016","1402","7.6","13.4"
0,92,12,6,0,"2016","18522","100.0","3.8"
0,92,12,6,0,"2016","27",NULL,"83.6"
0,92,12,5,0,"2016","912","81.1","25.2"
0,92,12,5,0,"2016","177","15.8","52.2"
0,92,12,5,0,"2016","17","1.5","97.0"
0,92,12,5,0,"2016","18","1.6","91.6"
0,92,12,5,0,"2016","1125","100.0","24.5"
0,92,12,5,0,"2016","0",NULL,"0.0"
0,92,12,9,0,"2016","16187","67.4","5.9"
0,92,12,9,0,"2016","3420","14.2","9.8"
0,92,12,9,0,"2016","2760","11.5","7.9"
0,92,12,9,0,"2016","2584","10.8","13.8"
0,92,12,9,0,"2016","24002","100.0","3.2"
0,92,12,9,0,"2016","27",NULL,"83.6"
0,92,12,14,0,"2016","16624","67.6","5.8"
0,92,12,14,0,"2016","3596","14.6","8.5"
0,92,12,14,0,"2016","2708","11.0","9.2"
0,92,12,14,0,"2016","2534","10.3","14.0"
0,92,12,14,0,"2016","24580","100.0","3.7"
0,92,12,14,0,"2016","27",NULL,"83.6"
0,92,12,3,0,"2016","6","100.0","74.2"
0,92,12,3,0,"2016","0","0.0","0.0"
0,92,12,3,0,"2016","0","0.0","0.0"
0,92,12,3,0,"2016","0","0.0","0.0"
0,92,12,3,0,"2016","6","100.0","74.2"
0,92,12,3,0,"2016","0",NULL,"0.0"
0,92,12,1,0,"2016","235","99.2","18.5"
0,92,12,1,0,"2016","0","0.0","0.0"
0,92,12,1,0,"2016","0","0.0","0.0"
0,92,12,1,0,"2016","2","0.8","0.0"
0,92,12,1,0,"2016","237","100.0","18.3"
0,92,12,1,0,"2016","0",NULL,"0.0"
0,92,12,2,0,"2016","89","97.8","61.7"
0,92,12,2,0,"2016","2","2.2","0.0"
0,92,12,2,0,"2016","0","0.0","0.0"
0,92,12,2,0,"2016","0","0.0","0.0"
0,92,12,2,0,"2016","91","100.0","60.4"
0,92,12,2,0,"2016","0",NULL,"0.0"
0,92,12,8,0,"2016","1","50.0","0.0"
0,92,12,8,0,"2016","0","0.0","0.0"
0,92,12,8,0,"2016","1","50.0","0.0"
0,92,12,8,0,"2016","0","0.0","0.0"
0,92,12,8,0,"2016","2","100.0","0.0"
0,92,12,8,0,"2016","0",NULL,"0.0"
0,92,12,12,0,"2016","261","74.4","45.8"
0,92,12,12,0,"2016","22","6.3","98.0"
0,92,12,12,0,"2016","68","19.3","97.0"
0,92,12,12,0,"2016","68","19.3","97.0"
0,92,12,12,0,"2016","351","100.0","43.8"
0,92,12,12,0,"2016","0",NULL,"0.0"
0,92,12,7,0,"2016","1179","80.5","18.9"
0,92,12,7,0,"2016","179","12.3","51.6"
0,92,12,7,0,"2016","86","5.9","77.2"
0,92,12,7,0,"2016","88","6.0","75.4"
0,92,12,7,0,"2016","1464","100.0","17.5"
0,92,12,7,0,"2016","0",NULL,"0.0"
0,92,12,10,0,"2016","15921","67.3","6.0"
0,92,12,10,0,"2016","3418","14.4","9.9"
0,92,12,10,0,"2016","2691","11.4","9.0"
0,92,12,10,0,"2016","2514","10.6","14.1"
0,92,12,10,0,"2016","23663","100.0","3.3"
0,92,12,10,0,"2016","27",NULL,"83.6"
0,92,12,13,0,"2016","2331","74.7","17.2"
0,92,12,13,0,"2016","446","14.3","17.4"
0,92,12,13,0,"2016","271","8.7","22.8"
0,92,12,13,0,"2016","152","4.9","33.3"
0,92,12,13,0,"2016","3120","100.0","13.9"
0,92,12,13,0,"2016","0",NULL,"0.0"
0,92,12,11,0,"2016","14769","67.1","4.8"
0,92,12,11,0,"2016","3152","14.3","10.2"
0,92,12,11,0,"2016","2506","11.4","7.7"
0,92,12,11,0,"2016","2450","11.1","13.4"
0,92,12,11,0,"2016","22007","100.0","3.3"
0,92,12,11,0,"2016","27",NULL,"83.6"
0,92,19,0,0,"2016","1567","67.7","20.8"
0,92,19,0,0,"2016","651","28.1","32.0"
0,92,19,0,0,"2016","60","2.6","43.3"
0,92,19,0,0,"2016","87","3.8","33.3"
0,92,19,0,0,"2016","2315","100.0","14.7"
0,92,19,0,0,"2016","0",NULL,"0.0"
0,92,19,4,0,"2016","307","53.3","27.8"
0,92,19,4,0,"2016","234","40.5","43.9"
0,92,19,4,0,"2016","31","5.4","68.4"
0,92,19,4,0,"2016","26","4.5","40.3"
0,92,19,4,0,"2016","577","100.0","18.4"
0,92,19,4,0,"2016","0",NULL,"0.0"
0,92,19,6,0,"2016","1260","72.5","22.6"
0,92,19,6,0,"2016","417","24.0","29.2"
0,92,19,6,0,"2016","29","1.6","58.2"
0,92,19,6,0,"2016","61","3.5","39.9"
0,92,19,6,0,"2016","1738","100.0","15.8"
0,92,19,6,0,"2016","0",NULL,"0.0"
0,92,19,5,0,"2016","110","90.6","59.1"
0,92,19,5,0,"2016","11","9.4","86.7"
0,92,19,5,0,"2016","0","0.0","0.0"
0,92,19,5,0,"2016","0","0.0","0.0"
0,92,19,5,0,"2016","121","100.0","52.8"
0,92,19,5,0,"2016","0",NULL,"0.0"
0,92,19,9,0,"2016","1457","66.4","22.4"
0,92,19,9,0,"2016","640","29.2","33.1"
0,92,19,9,0,"2016","60","2.7","43.3"
0,92,19,9,0,"2016","87","4.0","33.3"
0,92,19,9,0,"2016","2194","100.0","15.7"
0,92,19,9,0,"2016","0",NULL,"0.0"
0,92,19,14,0,"2016","1480","67.9","22.5"
0,92,19,14,0,"2016","613","28.1","32.6"
0,92,19,14,0,"2016","59","2.7","44.0"
0,92,19,14,0,"2016","76","3.5","30.3"
0,92,19,14,0,"2016","2179","100.0","16.1"
0,92,19,14,0,"2016","0",NULL,"0.0"
0,92,19,3,0,"2016","27","100.0","98.1"
0,92,19,3,0,"2016","0","0.0","0.0"
0,92,19,3,0,"2016","0","0.0","0.0"
0,92,19,3,0,"2016","0","0.0","0.0"
0,92,19,3,0,"2016","27","100.0","98.1"
0,92,19,3,0,"2016","0",NULL,"0.0"
0,92,19,1,0,"2016","11","51.0","95.3"
0,92,19,1,0,"2016","10","49.0","95.0"
0,92,19,1,0,"2016","0","0.0","0.0"
0,92,19,1,0,"2016","0","0.0","0.0"
0,92,19,1,0,"2016","21","100.0","62.4"
0,92,19,1,0,"2016","0",NULL,"0.0"
0,92,19,2,0,"2016","48","54.9","97.9"
0,92,19,2,0,"2016","28","31.7","66.6"
0,92,19,2,0,"2016","1","1.1","0.0"
0,92,19,2,0,"2016","11","12.3","95.2"
0,92,19,2,0,"2016","88","100.0","56.1"
0,92,19,2,0,"2016","0",NULL,"0.0"
0,92,19,8,0,"2016","0",NULL,"0.0"
0,92,19,8,0,"2016","0",NULL,"0.0"
0,92,19,8,0,"2016","0",NULL,"0.0"
0,92,19,8,0,"2016","0",NULL,"0.0"
0,92,19,8,0,"2016","0",NULL,"0.0"
0,92,19,8,0,"2016","0",NULL,"0.0"
0,92,19,12,0,"2016","1","100.0","0.0"
0,92,19,12,0,"2016","0","0.0","0.0"
0,92,19,12,0,"2016","0","0.0","0.0"
0,92,19,12,0,"2016","0","0.0","0.0"
0,92,19,12,0,"2016","1","100.0","0.0"
0,92,19,12,0,"2016","0",NULL,"0.0"
0,92,19,7,0,"2016","197","79.4","48.5"
0,92,19,7,0,"2016","39","15.8","49.7"
0,92,19,7,0,"2016","1","0.4","0.0"
0,92,19,7,0,"2016","11","4.3","95.2"
0,92,19,7,0,"2016","248","100.0","41.3"
0,92,19,7,0,"2016","0",NULL,"0.0"
0,92,19,10,0,"2016","1370","66.3","24.1"
0,92,19,10,0,"2016","612","29.6","32.7"
0,92,19,10,0,"2016","59","2.8","44.0"
0,92,19,10,0,"2016","76","3.7","30.3"
0,92,19,10,0,"2016","2068","100.0","17.0"
0,92,19,10,0,"2016","0",NULL,"0.0"
0,92,19,13,0,"2016","171","78.6","27.7"
0,92,19,13,0,"2016","45","20.9","49.7"
0,92,19,13,0,"2016","2","0.9","0.0"
0,92,19,13,0,"2016","2","0.9","0.0"
0,92,19,13,0,"2016","217","100.0","22.8"
0,92,19,13,0,"2016","0",NULL,"0.0"
0,92,19,11,0,"2016","1396","66.5","23.1"
0,92,19,11,0,"2016","606","28.9","33.2"
0,92,19,11,0,"2016","58","2.8","44.8"
0,92,19,11,0,"2016","85","4.0","34.0"
0,92,19,11,0,"2016","2098","100.0","16.9"
0,92,19,11,0,"2016","0",NULL,"0.0"
0,92,4,0,0,"2016","497714","77.8","0.7"
0,92,4,0,0,"2016","72785","11.4","1.6"
0,92,4,0,0,"2016","26677","4.2","2.4"
0,92,4,0,0,"2016","55184","8.6","2.8"
0,92,4,0,0,"2016","639768","100.0","0.5"
0,92,4,0,0,"2016","1133",NULL,"19.8"
0,92,4,4,0,"2016","96503","72.2","1.9"
0,92,4,4,0,"2016","12261","9.2","3.9"
0,92,4,4,0,"2016","6605","4.9","6.3"
0,92,4,4,0,"2016","20478","15.3","4.3"
0,92,4,4,0,"2016","133630","100.0","1.5"
0,92,4,4,0,"2016","221",NULL,"37.4"
0,92,4,6,0,"2016","401211","79.3","0.6"
0,92,4,6,0,"2016","60523","12.0","1.6"
0,92,4,6,0,"2016","20072","4.0","2.6"
0,92,4,6,0,"2016","34706","6.9","2.3"
0,92,4,6,0,"2016","506138","100.0","0.4"
0,92,4,6,0,"2016","911",NULL,"21.2"
0,92,4,5,0,"2016","36522","84.5","3.6"
0,92,4,5,0,"2016","2642","6.1","11.2"
0,92,4,5,0,"2016","989","2.3","23.5"
0,92,4,5,0,"2016","3696","8.6","10.2"
0,92,4,5,0,"2016","43202","100.0","2.8"
0,92,4,5,0,"2016","158",NULL,"65.8"
0,92,4,9,0,"2016","461192","77.3","0.7"
0,92,4,9,0,"2016","70142","11.8","1.6"
0,92,4,9,0,"2016","25689","4.3","3.2"
0,92,4,9,0,"2016","51487","8.6","2.5"
0,92,4,9,0,"2016","596565","100.0","0.6"
0,92,4,9,0,"2016","974",NULL,"15.4"
0,92,4,14,0,"2016","473341","77.4","0.8"
0,92,4,14,0,"2016","71003","11.6","1.6"
0,92,4,14,0,"2016","25967","4.2","2.6"
0,92,4,14,0,"2016","53091","8.7","2.5"
0,92,4,14,0,"2016","611199","100.0","0.6"
0,92,4,14,0,"2016","1058",NULL,"19.1"
0,92,4,3,0,"2016","4987","88.0","7.1"
0,92,4,3,0,"2016","221","3.9","23.3"
0,92,4,3,0,"2016","214","3.8","53.4"
0,92,4,3,0,"2016","273","4.8","33.9"
0,92,4,3,0,"2016","5666","100.0","6.7"
0,92,4,3,0,"2016","0",NULL,"0.0"
0,92,4,1,0,"2016","5074","82.5","7.4"
0,92,4,1,0,"2016","518","8.4","21.6"
0,92,4,1,0,"2016","280","4.5","29.1"
0,92,4,1,0,"2016","497","8.1","27.8"
0,92,4,1,0,"2016","6155","100.0","6.0"
0,92,4,1,0,"2016","25",NULL,"93.9"
0,92,4,2,0,"2016","9402","83.8","5.5"
0,92,4,2,0,"2016","880","7.8","13.0"
0,92,4,2,0,"2016","279","2.5","27.9"
0,92,4,2,0,"2016","811","7.2","19.3"
0,92,4,2,0,"2016","11219","100.0","5.6"
0,92,4,2,0,"2016","48",NULL,"68.8"
0,92,4,8,0,"2016","831","82.4","17.7"
0,92,4,8,0,"2016","26","2.6","69.9"
0,92,4,8,0,"2016","67","6.6","60.7"
0,92,4,8,0,"2016","117","11.6","48.3"
0,92,4,8,0,"2016","1008","100.0","18.0"
0,92,4,8,0,"2016","0",NULL,"0.0"
0,92,4,12,0,"2016","10000","85.7","3.2"
0,92,4,12,0,"2016","787","6.7","24.1"
0,92,4,12,0,"2016","132","1.1","49.9"
0,92,4,12,0,"2016","928","8.0","22.4"
0,92,4,12,0,"2016","11664","100.0","3.7"
0,92,4,12,0,"2016","27",NULL,"98.1"
0,92,4,7,0,"2016","55619","84.3","2.1"
0,92,4,7,0,"2016","4458","6.8","7.6"
0,92,4,7,0,"2016","1656","2.5","18.2"
0,92,4,7,0,"2016","5199","7.9","9.8"
0,92,4,7,0,"2016","65947","100.0","1.2"
0,92,4,7,0,"2016","257",NULL,"48.5"
0,92,4,10,0,"2016","442095","77.0","0.8"
0,92,4,10,0,"2016","68326","11.9","1.7"
0,92,4,10,0,"2016","25021","4.4","3.3"
0,92,4,10,0,"2016","49984","8.7","2.3"
0,92,4,10,0,"2016","573821","100.0","0.6"
0,92,4,10,0,"2016","876",NULL,"15.6"
0,92,4,13,0,"2016","46254","82.9","2.6"
0,92,4,13,0,"2016","6443","11.5","4.8"
0,92,4,13,0,"2016","1663","3.0","8.6"
0,92,4,13,0,"2016","2409","4.3","9.5"
0,92,4,13,0,"2016","55827","100.0","2.0"
0,92,4,13,0,"2016","206",NULL,"32.5"
0,92,4,11,0,"2016","451461","77.3","0.7"
0,92,4,11,0,"2016","66342","11.4","1.8"
0,92,4,11,0,"2016","25014","4.3","2.2"
0,92,4,11,0,"2016","52775","9.0","3.0"
0,92,4,11,0,"2016","583941","100.0","0.5"
0,92,4,11,0,"2016","927",NULL,"22.0"
0,92,11,0,0,"2016","151623","55.0","1.3"
0,92,11,0,0,"2016","73964","26.8","2.0"
0,92,11,0,0,"2016","23691","8.6","3.6"
0,92,11,0,0,"2016","38301","13.9","3.4"
0,92,11,0,0,"2016","275701","100.0","1.1"
0,92,11,0,0,"2016","671",NULL,"29.2"
0,92,11,4,0,"2016","37255","51.7","2.5"
0,92,11,4,0,"2016","16479","22.9","3.0"
0,92,11,4,0,"2016","7867","10.9","6.4"
0,92,11,4,0,"2016","13500","18.7","4.1"
0,92,11,4,0,"2016","72116","100.0","1.7"
0,92,11,4,0,"2016","150",NULL,"30.5"
0,92,11,6,0,"2016","114368","56.2","1.6"
0,92,11,6,0,"2016","57485","28.2","2.4"
0,92,11,6,0,"2016","15824","7.8","3.8"
0,92,11,6,0,"2016","24801","12.2","3.7"
0,92,11,6,0,"2016","203585","100.0","1.4"
0,92,11,6,0,"2016","521",NULL,"32.9"
0,92,11,5,0,"2016","8810","68.2","5.7"
0,92,11,5,0,"2016","2578","19.9","10.9"
0,92,11,5,0,"2016","337","2.6","38.0"
0,92,11,5,0,"2016","1517","11.7","10.8"
0,92,11,5,0,"2016","12926","100.0","4.2"
0,92,11,5,0,"2016","62",NULL,"60.2"
0,92,11,9,0,"2016","142813","54.3","1.3"
0,92,11,9,0,"2016","71386","27.2","2.1"
0,92,11,9,0,"2016","23354","8.9","3.8"
0,92,11,9,0,"2016","36784","14.0","3.3"
0,92,11,9,0,"2016","262775","100.0","1.1"
0,92,11,9,0,"2016","609",NULL,"27.7"
0,92,11,14,0,"2016","139527","54.1","1.5"
0,92,11,14,0,"2016","69910","27.1","2.0"
0,92,11,14,0,"2016","22950","8.9","4.0"
0,92,11,14,0,"2016","36805","14.3","3.3"
0,92,11,14,0,"2016","258028","100.0","1.2"
0,92,11,14,0,"2016","578",NULL,"30.3"
0,92,11,3,0,"2016","1001","71.8","23.8"
0,92,11,3,0,"2016","269","19.3","35.8"
0,92,11,3,0,"2016","117","8.4","67.7"
0,92,11,3,0,"2016","119","8.5","39.9"
0,92,11,3,0,"2016","1394","100.0","19.7"
0,92,11,3,0,"2016","0",NULL,"0.0"
0,92,11,1,0,"2016","1086","76.0","15.3"
0,92,11,1,0,"2016","310","21.7","23.3"
0,92,11,1,0,"2016","68","4.7","47.1"
0,92,11,1,0,"2016","92","6.5","45.2"
0,92,11,1,0,"2016","1429","100.0","14.9"
0,92,11,1,0,"2016","0",NULL,"0.0"
0,92,11,2,0,"2016","8389","66.3","10.3"
0,92,11,2,0,"2016","2995","23.7","9.3"
0,92,11,2,0,"2016","462","3.6","25.3"
0,92,11,2,0,"2016","1329","10.5","23.6"
0,92,11,2,0,"2016","12656","100.0","7.5"
0,92,11,2,0,"2016","93",NULL,"50.1"
0,92,11,8,0,"2016","202","81.8","36.4"
0,92,11,8,0,"2016","12","4.8","53.5"
0,92,11,8,0,"2016","31","12.6","98.4"
0,92,11,8,0,"2016","2","0.8","0.0"
0,92,11,8,0,"2016","246","100.0","37.5"
0,92,11,8,0,"2016","0",NULL,"0.0"
0,92,11,12,0,"2016","3080","70.7","11.0"
0,92,11,12,0,"2016","964","22.1","14.1"
0,92,11,12,0,"2016","69","1.6","88.1"
0,92,11,12,0,"2016","340","7.8","37.8"
0,92,11,12,0,"2016","4353","100.0","10.2"
0,92,11,12,0,"2016","0",NULL,"0.0"
0,92,11,7,0,"2016","19356","67.4","5.1"
0,92,11,7,0,"2016","6317","22.0","5.3"
0,92,11,7,0,"2016","1015","3.5","19.1"
0,92,11,7,0,"2016","3040","10.6","13.0"
0,92,11,7,0,"2016","28703","100.0","4.2"
0,92,11,7,0,"2016","156",NULL,"42.6"
0,92,11,10,0,"2016","132267","53.5","1.6"
0,92,11,10,0,"2016","67648","27.4","2.2"
0,92,11,10,0,"2016","22676","9.2","4.1"
0,92,11,10,0,"2016","35261","14.3","3.2"
0,92,11,10,0,"2016","246998","100.0","1.3"
0,92,11,10,0,"2016","515",NULL,"28.4"
0,92,11,13,0,"2016","16270","62.3","3.7"
0,92,11,13,0,"2016","6826","26.1","5.7"
0,92,11,13,0,"2016","2258","8.6","15.9"
0,92,11,13,0,"2016","1862","7.1","12.5"
0,92,11,13,0,"2016","26132","100.0","4.2"
0,92,11,13,0,"2016","31",NULL,"98.4"
0,92,11,11,0,"2016","135353","54.2","1.2"
0,92,11,11,0,"2016","67138","26.9","2.3"
0,92,11,11,0,"2016","21433","8.6","3.3"
0,92,11,11,0,"2016","36439","14.6","3.3"
0,92,11,11,0,"2016","249569","100.0","0.8"
0,92,11,11,0,"2016","640",NULL,"27.0"
0,92,20,0,0,"2016","199421","63.7","1.1"
0,92,20,0,0,"2016","66253","21.2","1.9"
0,92,20,0,0,"2016","21659","6.9","5.1"
0,92,20,0,0,"2016","35861","11.5","2.9"
0,92,20,0,0,"2016","313013","100.0","0.6"
0,92,20,0,0,"2016","732",NULL,"35.6"
0,92,20,4,0,"2016","48915","61.8","3.7"
0,92,20,4,0,"2016","11986","15.1","4.6"
0,92,20,4,0,"2016","6998","8.8","9.3"
0,92,20,4,0,"2016","13325","16.8","3.8"
0,92,20,4,0,"2016","79183","100.0","2.4"
0,92,20,4,0,"2016","196",NULL,"35.2"
0,92,20,6,0,"2016","150505","64.4","1.0"
0,92,20,6,0,"2016","54266","23.2","1.6"
0,92,20,6,0,"2016","14662","6.3","4.5"
0,92,20,6,0,"2016","22536","9.6","3.8"
0,92,20,6,0,"2016","233830","100.0","0.7"
0,92,20,6,0,"2016","535",NULL,"43.4"
0,92,20,5,0,"2016","12557","80.2","6.5"
0,92,20,5,0,"2016","1681","10.7","14.9"
0,92,20,5,0,"2016","470","3.0","21.3"
0,92,20,5,0,"2016","1149","7.3","11.2"
0,92,20,5,0,"2016","15662","100.0","6.1"
0,92,20,5,0,"2016","48",NULL,"97.9"
0,92,20,9,0,"2016","186864","62.8","1.2"
0,92,20,9,0,"2016","64572","21.7","2.1"
0,92,20,9,0,"2016","21190","7.1","5.0"
0,92,20,9,0,"2016","34712","11.7","2.9"
0,92,20,9,0,"2016","297351","100.0","0.8"
0,92,20,9,0,"2016","684",NULL,"37.7"
0,92,20,14,0,"2016","167319","61.4","1.2"
0,92,20,14,0,"2016","61784","22.7","1.9"
0,92,20,14,0,"2016","20441","7.5","5.5"
0,92,20,14,0,"2016","32831","12.0","3.3"
0,92,20,14,0,"2016","272639","100.0","0.9"
0,92,20,14,0,"2016","686",NULL,"39.1"
0,92,20,3,0,"2016","1645","84.3","13.1"
0,92,20,3,0,"2016","236","12.1","29.5"
0,92,20,3,0,"2016","51","2.6","69.0"
0,92,20,3,0,"2016","81","4.1","53.0"
0,92,20,3,0,"2016","1950","100.0","9.9"
0,92,20,3,0,"2016","3",NULL,"0.0"
0,92,20,1,0,"2016","847","63.8","10.2"
0,92,20,1,0,"2016","266","20.0","29.1"
0,92,20,1,0,"2016","59","4.4","47.4"
0,92,20,1,0,"2016","228","17.1","37.6"
0,92,20,1,0,"2016","1328","100.0","10.0"
0,92,20,1,0,"2016","0",NULL,"0.0"
0,92,20,2,0,"2016","28932","79.1","5.8"
0,92,20,2,0,"2016","4054","11.1","10.7"
0,92,20,2,0,"2016","1118","3.1","21.9"
0,92,20,2,0,"2016","2816","7.7","15.9"
0,92,20,2,0,"2016","36555","100.0","5.0"
0,92,20,2,0,"2016","43",NULL,"70.7"
0,92,20,8,0,"2016","112","51.1","50.2"
0,92,20,8,0,"2016","48","21.9","68.7"
0,92,20,8,0,"2016","58","26.5","65.7"
0,92,20,8,0,"2016","1","0.5","0.0"
0,92,20,8,0,"2016","219","100.0","31.2"
0,92,20,8,0,"2016","0",NULL,"0.0"
0,92,20,12,0,"2016","2144","85.8","9.6"
0,92,20,12,0,"2016","180","7.2","45.7"
0,92,20,12,0,"2016","50","2.0","53.3"
0,92,20,12,0,"2016","130","5.2","33.0"
0,92,20,12,0,"2016","2499","100.0","8.5"
0,92,20,12,0,"2016","0",NULL,"0.0"
0,92,20,7,0,"2016","43942","79.3","4.2"
0,92,20,7,0,"2016","6236","11.3","5.8"
0,92,20,7,0,"2016","1685","3.0","13.4"
0,92,20,7,0,"2016","4231","7.6","11.5"
0,92,20,7,0,"2016","55416","100.0","3.7"
0,92,20,7,0,"2016","94",NULL,"56.1"
0,92,20,10,0,"2016","155479","60.4","1.3"
0,92,20,10,0,"2016","60017","23.3","2.1"
0,92,20,10,0,"2016","19974","7.8","5.4"
0,92,20,10,0,"2016","31630","12.3","3.2"
0,92,20,10,0,"2016","257597","100.0","1.1"
0,92,20,10,0,"2016","638",NULL,"41.4"
0,92,20,13,0,"2016","19358","69.1","2.7"
0,92,20,13,0,"2016","5776","20.6","7.5"
0,92,20,13,0,"2016","2013","7.2","16.3"
0,92,20,13,0,"2016","1859","6.6","11.7"
0,92,20,13,0,"2016","28021","100.0","3.0"
0,92,20,13,0,"2016","66",NULL,"65.5"
0,92,20,11,0,"2016","180063","63.2","1.2"
0,92,20,11,0,"2016","60477","21.2","2.4"
0,92,20,11,0,"2016","19646","6.9","5.0"
0,92,20,11,0,"2016","34002","11.9","2.8"
0,92,20,11,0,"2016","284992","100.0","0.7"
0,92,20,11,0,"2016","666",NULL,"36.5"
0,92,16,0,0,"2016","356141","56.1","0.9"
0,92,16,0,0,"2016","206887","32.6","1.4"
0,92,16,0,0,"2016","37806","6.0","3.9"
0,92,16,0,0,"2016","53512","8.4","1.9"
0,92,16,0,0,"2016","634818","100.0","0.4"
0,92,16,0,0,"2016","1471",NULL,"18.9"
0,92,16,4,0,"2016","120048","56.8","1.9"
0,92,16,4,0,"2016","60847","28.8","1.8"
0,92,16,4,0,"2016","14263","6.7","5.0"
0,92,16,4,0,"2016","21419","10.1","4.9"
0,92,16,4,0,"2016","211423","100.0","0.8"
0,92,16,4,0,"2016","605",NULL,"23.4"
0,92,16,6,0,"2016","236093","55.8","0.9"
0,92,16,6,0,"2016","146040","34.5","1.4"
0,92,16,6,0,"2016","23543","5.6","3.7"
0,92,16,6,0,"2016","32093","7.6","2.1"
0,92,16,6,0,"2016","423395","100.0","0.5"
0,92,16,6,0,"2016","866",NULL,"24.6"
0,92,16,5,0,"2016","21223","67.6","4.8"
0,92,16,5,0,"2016","7830","24.9","9.5"
0,92,16,5,0,"2016","1007","3.2","19.8"
0,92,16,5,0,"2016","2186","7.0","9.0"
0,92,16,5,0,"2016","31415","100.0","4.0"
0,92,16,5,0,"2016","31",NULL,"98.4"
0,92,16,9,0,"2016","334918","55.5","0.9"
0,92,16,9,0,"2016","199058","33.0","1.3"
0,92,16,9,0,"2016","36799","6.1","3.7"
0,92,16,9,0,"2016","51325","8.5","1.8"
0,92,16,9,0,"2016","603403","100.0","0.5"
0,92,16,9,0,"2016","1440",NULL,"18.9"
0,92,16,14,0,"2016","298465","56.3","0.9"
0,92,16,14,0,"2016","165133","31.1","1.5"
0,92,16,14,0,"2016","35791","6.7","4.2"
0,92,16,14,0,"2016","48051","9.1","1.7"
0,92,16,14,0,"2016","530328","100.0","0.5"
0,92,16,14,0,"2016","1162",NULL,"20.0"
0,92,16,3,0,"2016","3980","63.9","10.2"
0,92,16,3,0,"2016","1952","31.3","12.1"
0,92,16,3,0,"2016","238","3.8","32.1"
0,92,16,3,0,"2016","226","3.6","28.9"
0,92,16,3,0,"2016","6232","100.0","8.0"
0,92,16,3,0,"2016","25",NULL,"94.0"
0,92,16,1,0,"2016","2146","65.3","7.1"
0,92,16,1,0,"2016","861","26.2","11.0"
0,92,16,1,0,"2016","128","3.9","29.1"
0,92,16,1,0,"2016","316","9.6","17.9"
0,92,16,1,0,"2016","3286","100.0","6.5"
0,92,16,1,0,"2016","0",NULL,"0.0"
0,92,16,2,0,"2016","48564","54.4","2.2"
0,92,16,2,0,"2016","36673","41.0","3.7"
0,92,16,2,0,"2016","1475","1.7","15.7"
0,92,16,2,0,"2016","4628","5.2","9.9"
0,92,16,2,0,"2016","89349","100.0","1.2"
0,92,16,2,0,"2016","284",NULL,"32.7"
0,92,16,8,0,"2016","347","66.1","26.1"
0,92,16,8,0,"2016","159","30.2","40.3"
0,92,16,8,0,"2016","0","0.0","0.0"
0,92,16,8,0,"2016","50","9.6","60.0"
0,92,16,8,0,"2016","524","100.0","25.9"
0,92,16,8,0,"2016","0",NULL,"0.0"
0,92,16,12,0,"2016","6002","58.0","7.9"
0,92,16,12,0,"2016","3432","33.2","13.6"
0,92,16,12,0,"2016","321","3.1","47.0"
0,92,16,12,0,"2016","881","8.5","15.8"
0,92,16,12,0,"2016","10345","100.0","6.8"
0,92,16,12,0,"2016","0",NULL,"0.0"
0,92,16,7,0,"2016","76848","58.0","1.7"
0,92,16,7,0,"2016","48398","36.5","3.3"
0,92,16,7,0,"2016","2941","2.2","11.8"
0,92,16,7,0,"2016","7429","5.6","6.4"
0,92,16,7,0,"2016","132463","100.0","1.2"
0,92,16,7,0,"2016","341",NULL,"28.5"
0,92,16,10,0,"2016","279293","55.6","0.9"
0,92,16,10,0,"2016","158489","31.5","1.5"
0,92,16,10,0,"2016","34865","6.9","4.1"
0,92,16,10,0,"2016","46083","9.2","1.7"
0,92,16,10,0,"2016","502355","100.0","0.5"
0,92,16,10,0,"2016","1130",NULL,"19.6"
0,92,16,13,0,"2016","27843","58.9","2.2"
0,92,16,13,0,"2016","15587","33.0","4.6"
0,92,16,13,0,"2016","2993","6.3","9.0"
0,92,16,13,0,"2016","2446","5.2","10.4"
0,92,16,13,0,"2016","47257","100.0","2.0"
0,92,16,13,0,"2016","37",NULL,"59.3"
0,92,16,11,0,"2016","328298","55.9","1.0"
0,92,16,11,0,"2016","191300","32.6","1.3"
0,92,16,11,0,"2016","34812","5.9","3.8"
0,92,16,11,0,"2016","51066","8.7","2.1"
0,92,16,11,0,"2016","587561","100.0","0.4"
0,92,16,11,0,"2016","1434",NULL,"18.6"
0,92,18,0,0,"2016","120872","75.2","1.7"
0,92,18,0,0,"2016","22387","13.9","3.4"
0,92,18,0,0,"2016","8330","5.2","6.3"
0,92,18,0,0,"2016","13148","8.2","7.3"
0,92,18,0,0,"2016","160790","100.0","1.6"
0,92,18,0,0,"2016","197",NULL,"49.4"
0,92,18,4,0,"2016","31305","72.0","3.1"
0,92,18,4,0,"2016","5062","11.6","9.4"
0,92,18,4,0,"2016","3128","7.2","7.6"
0,92,18,4,0,"2016","5257","12.1","7.6"
0,92,18,4,0,"2016","43469","100.0","2.7"
0,92,18,4,0,"2016","89",NULL,"78.2"
0,92,18,6,0,"2016","89567","76.3","2.0"
0,92,18,6,0,"2016","17326","14.8","3.1"
0,92,18,6,0,"2016","5202","4.4","7.7"
0,92,18,6,0,"2016","7892","6.7","8.4"
0,92,18,6,0,"2016","117321","100.0","1.7"
0,92,18,6,0,"2016","108",NULL,"38.0"
0,92,18,5,0,"2016","13241","83.8","6.0"
0,92,18,5,0,"2016","1664","10.5","17.1"
0,92,18,5,0,"2016","304","1.9","47.5"
0,92,18,5,0,"2016","759","4.8","32.5"
0,92,18,5,0,"2016","15803","100.0","5.2"
0,92,18,5,0,"2016","0",NULL,"0.0"
0,92,18,9,0,"2016","107631","74.2","2.4"
0,92,18,9,0,"2016","20724","14.3","3.3"
0,92,18,9,0,"2016","8026","5.5","5.7"
0,92,18,9,0,"2016","12389","8.5","7.1"
0,92,18,9,0,"2016","144988","100.0","1.8"
0,92,18,9,0,"2016","197",NULL,"49.4"
0,92,18,14,0,"2016","106767","74.1","2.1"
0,92,18,14,0,"2016","20945","14.5","3.4"
0,92,18,14,0,"2016","7961","5.5","5.4"
0,92,18,14,0,"2016","12130","8.4","7.3"
0,92,18,14,0,"2016","144026","100.0","1.8"
0,92,18,14,0,"2016","197",NULL,"49.4"
0,92,18,3,0,"2016","4696","84.3","7.6"
0,92,18,3,0,"2016","441","7.9","24.2"
0,92,18,3,0,"2016","164","2.9","33.1"
0,92,18,3,0,"2016","347","6.2","29.0"
0,92,18,3,0,"2016","5568","100.0","8.3"
0,92,18,3,0,"2016","0",NULL,"0.0"
0,92,18,1,0,"2016","930","72.2","15.3"
0,92,18,1,0,"2016","171","13.3","49.6"
0,92,18,1,0,"2016","72","5.6","46.6"
0,92,18,1,0,"2016","152","11.8","61.0"
0,92,18,1,0,"2016","1287","100.0","16.0"
0,92,18,1,0,"2016","0",NULL,"0.0"
0,92,18,2,0,"2016","5792","83.7","5.5"
0,92,18,2,0,"2016","679","9.8","20.2"
0,92,18,2,0,"2016","135","1.9","44.8"
0,92,18,2,0,"2016","405","5.9","29.3"
0,92,18,2,0,"2016","6923","100.0","6.0"
0,92,18,2,0,"2016","0",NULL,"0.0"
0,92,18,8,0,"2016","153","83.1","27.9"
0,92,18,8,0,"2016","31","16.9","98.4"
0,92,18,8,0,"2016","0","0.0","0.0"
0,92,18,8,0,"2016","0","0.0","0.0"
0,92,18,8,0,"2016","184","100.0","29.1"
0,92,18,8,0,"2016","0",NULL,"0.0"
0,92,18,12,0,"2016","3816","85.3","9.8"
0,92,18,12,0,"2016","412","9.2","29.5"
0,92,18,12,0,"2016","74","1.7","54.2"
0,92,18,12,0,"2016","196","4.4","45.7"
0,92,18,12,0,"2016","4475","100.0","6.9"
0,92,18,12,0,"2016","0",NULL,"0.0"
0,92,18,7,0,"2016","24554","83.7","2.9"
0,92,18,7,0,"2016","2897","9.9","11.4"
0,92,18,7,0,"2016","659","2.2","32.9"
0,92,18,7,0,"2016","1556","5.3","15.4"
0,92,18,7,0,"2016","29323","100.0","2.8"
0,92,18,7,0,"2016","0",NULL,"0.0"
0,92,18,10,0,"2016","96318","73.3","2.5"
0,92,18,10,0,"2016","19490","14.8","3.6"
0,92,18,10,0,"2016","7671","5.8","4.7"
0,92,18,10,0,"2016","11592","8.8","6.9"
0,92,18,10,0,"2016","131467","100.0","2.0"
0,92,18,10,0,"2016","197",NULL,"49.4"
0,92,18,13,0,"2016","12130","78.1","3.8"
0,92,18,13,0,"2016","1954","12.6","8.9"
0,92,18,13,0,"2016","1000","6.4","13.5"
0,92,18,13,0,"2016","892","5.7","24.4"
0,92,18,13,0,"2016","15532","100.0","3.5"
0,92,18,13,0,"2016","4",NULL,"87.2"
0,92,18,11,0,"2016","108742","74.9","2.0"
0,92,18,11,0,"2016","20434","14.1","3.5"
0,92,18,11,0,"2016","7330","5.0","6.8"
0,92,18,11,0,"2016","12256","8.4","7.4"
0,92,18,11,0,"2016","145258","100.0","1.7"
0,92,18,11,0,"2016","193",NULL,"50.9"
0,92,9,0,0,"2016","49644","74.0","2.3"
0,92,9,0,0,"2016","11586","17.3","5.7"
0,92,9,0,0,"2016","2477","3.7","19.4"
0,92,9,0,0,"2016","4979","7.4","8.3"
0,92,9,0,0,"2016","67105","100.0","2.6"
0,92,9,0,0,"2016","107",NULL,"61.5"
0,92,9,4,0,"2016","11763","70.0","6.4"
0,92,9,4,0,"2016","2510","14.9","8.4"
0,92,9,4,0,"2016","1253","7.5","24.9"
0,92,9,4,0,"2016","1689","10.0","11.7"
0,92,9,4,0,"2016","16813","100.0","4.0"
0,92,9,4,0,"2016","1",NULL,"0.0"
0,92,9,6,0,"2016","37881","75.3","2.6"
0,92,9,6,0,"2016","9076","18.0","6.6"
0,92,9,6,0,"2016","1224","2.4","18.0"
0,92,9,6,0,"2016","3290","6.5","10.3"
0,92,9,6,0,"2016","50292","100.0","2.9"
0,92,9,6,0,"2016","106",NULL,"62.1"
0,92,9,5,0,"2016","2044","85.1","12.6"
0,92,9,5,0,"2016","223","9.3","35.8"
0,92,9,5,0,"2016","24","1.0","70.5"
0,92,9,5,0,"2016","149","6.2","31.5"
0,92,9,5,0,"2016","2401","100.0","11.6"
0,92,9,5,0,"2016","0",NULL,"0.0"
0,92,9,9,0,"2016","47601","73.6","2.3"
0,92,9,9,0,"2016","11363","17.6","5.4"
0,92,9,9,0,"2016","2453","3.8","19.3"
0,92,9,9,0,"2016","4830","7.5","8.7"
0,92,9,9,0,"2016","64704","100.0","2.5"
0,92,9,9,0,"2016","107",NULL,"61.5"
0,92,9,14,0,"2016","45016","73.4","2.5"
0,92,9,14,0,"2016","10783","17.6","5.2"
0,92,9,14,0,"2016","2401","3.9","20.8"
0,92,9,14,0,"2016","4635","7.6","8.3"
0,92,9,14,0,"2016","61301","100.0","2.8"
0,92,9,14,0,"2016","105",NULL,"62.7"
0,92,9,3,0,"2016","1159","69.4","14.6"
0,92,9,3,0,"2016","423","25.3","30.7"
0,92,9,3,0,"2016","45","2.7","84.0"
0,92,9,3,0,"2016","67","4.0","55.0"
0,92,9,3,0,"2016","1670","100.0","10.5"
0,92,9,3,0,"2016","0",NULL,"0.0"
0,92,9,1,0,"2016","183","84.8","38.1"
0,92,9,1,0,"2016","0","0.0","0.0"
0,92,9,1,0,"2016","33","15.2","92.4"
0,92,9,1,0,"2016","31","14.3","98.4"
0,92,9,1,0,"2016","216","100.0","31.7"
0,92,9,1,0,"2016","0",NULL,"0.0"
0,92,9,2,0,"2016","3317","85.1","11.4"
0,92,9,2,0,"2016","332","8.5","30.8"
0,92,9,2,0,"2016","31","0.8","98.4"
0,92,9,2,0,"2016","241","6.2","38.2"
0,92,9,2,0,"2016","3896","100.0","8.4"
0,92,9,2,0,"2016","2",NULL,"0.0"
0,92,9,8,0,"2016","49","100.0","60.3"
0,92,9,8,0,"2016","0","0.0","0.0"
0,92,9,8,0,"2016","0","0.0","0.0"
0,92,9,8,0,"2016","0","0.0","0.0"
0,92,9,8,0,"2016","49","100.0","60.3"
0,92,9,8,0,"2016","0",NULL,"0.0"
0,92,9,12,0,"2016","590","82.3","16.3"
0,92,9,12,0,"2016","79","11.0","52.2"
0,92,9,12,0,"2016","0","0.0","0.0"
0,92,9,12,0,"2016","48","6.7","68.8"
0,92,9,12,0,"2016","718","100.0","15.9"
0,92,9,12,0,"2016","0",NULL,"0.0"
0,92,9,7,0,"2016","6760","81.4","5.8"
0,92,9,7,0,"2016","1026","12.4","23.1"
0,92,9,7,0,"2016","133","1.6","39.5"
0,92,9,7,0,"2016","505","6.1","21.6"
0,92,9,7,0,"2016","8307","100.0","5.1"
0,92,9,7,0,"2016","2",NULL,"0.0"
0,92,9,10,0,"2016","42884","72.9","2.6"
0,92,9,10,0,"2016","10560","18.0","4.9"
0,92,9,10,0,"2016","2344","4.0","21.2"
0,92,9,10,0,"2016","4474","7.6","8.4"
0,92,9,10,0,"2016","58798","100.0","2.8"
0,92,9,10,0,"2016","105",NULL,"62.7"
0,92,9,13,0,"2016","4429","75.6","7.4"
0,92,9,13,0,"2016","1233","21.0","8.2"
0,92,9,13,0,"2016","88","1.5","56.2"
0,92,9,13,0,"2016","259","4.4","25.4"
0,92,9,13,0,"2016","5860","100.0","5.4"
0,92,9,13,0,"2016","34",NULL,"97.0"
0,92,9,11,0,"2016","45215","73.8","2.7"
0,92,9,11,0,"2016","10354","16.9","5.9"
0,92,9,11,0,"2016","2389","3.9","18.9"
0,92,9,11,0,"2016","4720","7.7","7.9"
0,92,9,11,0,"2016","61244","100.0","2.7"
0,92,9,11,0,"2016","73",NULL,"68.8"
0,92,6,0,0,"2016","156892","72.0","1.6"
0,92,6,0,0,"2016","40069","18.4","2.8"
0,92,6,0,0,"2016","9541","4.4","3.9"
0,92,6,0,0,"2016","17068","7.8","5.8"
0,92,6,0,0,"2016","217955","100.0","1.6"
0,92,6,0,0,"2016","344",NULL,"24.9"
0,92,6,4,0,"2016","37577","66.0","2.2"
0,92,6,4,0,"2016","9641","16.9","5.4"
0,92,6,4,0,"2016","3935","6.9","5.7"
0,92,6,4,0,"2016","7188","12.6","5.4"
0,92,6,4,0,"2016","56900","100.0","1.6"
0,92,6,4,0,"2016","139",NULL,"29.7"
0,92,6,6,0,"2016","119315","74.1","1.7"
0,92,6,6,0,"2016","30429","18.9","2.9"
0,92,6,6,0,"2016","5606","3.5","4.8"
0,92,6,6,0,"2016","9880","6.1","7.3"
0,92,6,6,0,"2016","161055","100.0","1.7"
0,92,6,6,0,"2016","205",NULL,"32.4"
0,92,6,5,0,"2016","8613","76.9","6.1"
0,92,6,5,0,"2016","1843","16.4","9.5"
0,92,6,5,0,"2016","365","3.3","42.1"
0,92,6,5,0,"2016","521","4.6","29.0"
0,92,6,5,0,"2016","11204","100.0","6.3"
0,92,6,5,0,"2016","1",NULL,"0.0"
0,92,6,9,0,"2016","148279","71.7","1.8"
0,92,6,9,0,"2016","38227","18.5","2.9"
0,92,6,9,0,"2016","9177","4.4","4.6"
0,92,6,9,0,"2016","16547","8.0","5.9"
0,92,6,9,0,"2016","206751","100.0","1.6"
0,92,6,9,0,"2016","343",NULL,"25.0"
0,92,6,14,0,"2016","145379","71.2","1.9"
0,92,6,14,0,"2016","38545","18.9","2.7"
0,92,6,14,0,"2016","9237","4.5","3.9"
0,92,6,14,0,"2016","16242","8.0","5.3"
0,92,6,14,0,"2016","204086","100.0","1.7"
0,92,6,14,0,"2016","313",NULL,"27.0"
0,92,6,3,0,"2016","3133","85.8","7.7"
0,92,6,3,0,"2016","306","8.4","30.4"
0,92,6,3,0,"2016","106","2.9","53.5"
0,92,6,3,0,"2016","191","5.2","23.2"
0,92,6,3,0,"2016","3650","100.0","9.1"
0,92,6,3,0,"2016","14",NULL,"96.3"
0,92,6,1,0,"2016","895","78.9","18.1"
0,92,6,1,0,"2016","150","13.2","43.4"
0,92,6,1,0,"2016","41","3.6","74.5"
0,92,6,1,0,"2016","70","6.2","45.8"
0,92,6,1,0,"2016","1135","100.0","12.2"
0,92,6,1,0,"2016","0",NULL,"0.0"
0,92,6,2,0,"2016","6784","81.5","7.7"
0,92,6,2,0,"2016","1014","12.2","25.4"
0,92,6,2,0,"2016","126","1.5","50.5"
0,92,6,2,0,"2016","595","7.1","35.6"
0,92,6,2,0,"2016","8319","100.0","5.5"
0,92,6,2,0,"2016","17",NULL,"90.8"
0,92,6,8,0,"2016","158","69.8","26.9"
0,92,6,8,0,"2016","19","8.2","88.8"
0,92,6,8,0,"2016","0","0.0","0.0"
0,92,6,8,0,"2016","50","22.0","81.3"
0,92,6,8,0,"2016","227","100.0","28.8"
0,92,6,8,0,"2016","0",NULL,"0.0"
0,92,6,12,0,"2016","1892","83.7","15.5"
0,92,6,12,0,"2016","252","11.2","37.7"
0,92,6,12,0,"2016","64","2.8","62.9"
0,92,6,12,0,"2016","51","2.3","67.3"
0,92,6,12,0,"2016","2260","100.0","12.2"
0,92,6,12,0,"2016","0",NULL,"0.0"
0,92,6,7,0,"2016","19235","80.2","3.7"
0,92,6,7,0,"2016","3287","13.7","9.5"
0,92,6,7,0,"2016","606","2.5","28.7"
0,92,6,7,0,"2016","1309","5.5","17.6"
0,92,6,7,0,"2016","23994","100.0","3.7"
0,92,6,7,0,"2016","32",NULL,"60.4"
0,92,6,10,0,"2016","137657","71.0","2.2"
0,92,6,10,0,"2016","36782","19.0","2.7"
0,92,6,10,0,"2016","8935","4.6","4.3"
0,92,6,10,0,"2016","15759","8.1","5.3"
0,92,6,10,0,"2016","193962","100.0","1.8"
0,92,6,10,0,"2016","312",NULL,"27.1"
0,92,6,13,0,"2016","19168","81.1","3.3"
0,92,6,13,0,"2016","3441","14.6","9.3"
0,92,6,13,0,"2016","861","3.6","15.9"
0,92,6,13,0,"2016","712","3.0","22.0"
0,92,6,13,0,"2016","23634","100.0","3.3"
0,92,6,13,0,"2016","51",NULL,"49.5"
0,92,6,11,0,"2016","137724","70.9","1.8"
0,92,6,11,0,"2016","36628","18.8","2.8"
0,92,6,11,0,"2016","8681","4.5","4.2"
0,92,6,11,0,"2016","16356","8.4","5.6"
0,92,6,11,0,"2016","194321","100.0","1.6"
0,92,6,11,0,"2016","293",NULL,"24.1"
0,92,15,0,0,"2016","203197","72.0","0.9"
0,92,15,0,0,"2016","43537","15.4","2.6"
0,92,15,0,0,"2016","22686","8.0","4.1"
0,92,15,0,0,"2016","22268","7.9","4.1"
0,92,15,0,0,"2016","282055","100.0","0.8"
0,92,15,0,0,"2016","657",NULL,"29.3"
0,92,15,4,0,"2016","70159","69.8","2.1"
0,92,15,4,0,"2016","12343","12.3","3.3"
0,92,15,4,0,"2016","11001","10.9","5.5"
0,92,15,4,0,"2016","10148","10.1","4.8"
0,92,15,4,0,"2016","100564","100.0","1.5"
0,92,15,4,0,"2016","174",NULL,"47.7"
0,92,15,6,0,"2016","133037","73.3","1.0"
0,92,15,6,0,"2016","31194","17.2","2.7"
0,92,15,6,0,"2016","11685","6.4","5.6"
0,92,15,6,0,"2016","12120","6.7","5.0"
0,92,15,6,0,"2016","181491","100.0","0.9"
0,92,15,6,0,"2016","483",NULL,"28.8"
0,92,15,5,0,"2016","9596","81.4","5.4"
0,92,15,5,0,"2016","1117","9.5","19.7"
0,92,15,5,0,"2016","351","3.0","35.0"
0,92,15,5,0,"2016","954","8.1","16.8"
0,92,15,5,0,"2016","11793","100.0","5.5"
0,92,15,5,0,"2016","0",NULL,"0.0"
0,92,15,9,0,"2016","193601","71.6","0.9"
0,92,15,9,0,"2016","42420","15.7","2.4"
0,92,15,9,0,"2016","22335","8.3","4.2"
0,92,15,9,0,"2016","21314","7.9","4.5"
0,92,15,9,0,"2016","270262","100.0","0.8"
0,92,15,9,0,"2016","657",NULL,"29.3"
0,92,15,14,0,"2016","186669","71.7","0.9"
0,92,15,14,0,"2016","39825","15.3","2.5"
0,92,15,14,0,"2016","22011","8.5","4.2"
0,92,15,14,0,"2016","20758","8.0","5.0"
0,92,15,14,0,"2016","260284","100.0","0.7"
0,92,15,14,0,"2016","657",NULL,"29.3"
0,92,15,3,0,"2016","2307","88.5","15.7"
0,92,15,3,0,"2016","211","8.1","33.8"
0,92,15,3,0,"2016","105","4.0","70.1"
0,92,15,3,0,"2016","117","4.5","41.9"
0,92,15,3,0,"2016","2606","100.0","13.4"
0,92,15,3,0,"2016","0",NULL,"0.0"
0,92,15,1,0,"2016","1133","74.2","13.4"
0,92,15,1,0,"2016","322","21.1","25.3"
0,92,15,1,0,"2016","74","4.9","56.2"
0,92,15,1,0,"2016","65","4.3","65.1"
0,92,15,1,0,"2016","1526","100.0","13.4"
0,92,15,1,0,"2016","0",NULL,"0.0"
0,92,15,2,0,"2016","13031","74.6","4.9"
0,92,15,2,0,"2016","3260","18.7","13.0"
0,92,15,2,0,"2016","556","3.2","38.7"
0,92,15,2,0,"2016","1244","7.1","24.1"
0,92,15,2,0,"2016","17477","100.0","5.4"
0,92,15,2,0,"2016","0",NULL,"0.0"
0,92,15,8,0,"2016","377","91.9","23.1"
0,92,14,6,0,"2016","6159","1.1","8.8"
0,92,15,8,0,"2016","2","0.5","0.0"
0,92,15,8,0,"2016","0","0.0","0.0"
0,92,15,8,0,"2016","31","7.6","98.4"
0,92,15,8,0,"2016","410","100.0","25.5"
0,92,15,8,0,"2016","0",NULL,"0.0"
0,92,15,12,0,"2016","1713","72.1","16.8"
0,92,15,12,0,"2016","345","14.5","30.3"
0,92,15,12,0,"2016","102","4.3","66.8"
0,92,15,12,0,"2016","242","10.2","24.7"
0,92,15,12,0,"2016","2375","100.0","15.7"
0,92,15,12,0,"2016","0",NULL,"0.0"
0,92,15,7,0,"2016","26127","77.9","3.3"
0,92,15,7,0,"2016","5003","14.9","9.5"
0,92,15,7,0,"2016","1069","3.2","21.4"
0,92,15,7,0,"2016","2358","7.0","15.4"
0,92,15,7,0,"2016","33558","100.0","3.6"
0,92,15,7,0,"2016","0",NULL,"0.0"
0,92,15,10,0,"2016","177070","71.3","0.9"
0,92,15,10,0,"2016","38534","15.5","2.3"
0,92,15,10,0,"2016","21617","8.7","4.2"
0,92,15,10,0,"2016","19910","8.0","5.4"
0,92,15,10,0,"2016","248497","100.0","0.7"
0,92,15,10,0,"2016","657",NULL,"29.3"
0,92,15,13,0,"2016","20503","76.1","4.4"
0,92,15,13,0,"2016","4405","16.3","9.3"
0,92,15,13,0,"2016","1611","6.0","14.4"
0,92,15,13,0,"2016","1499","5.6","13.7"
0,92,15,13,0,"2016","26946","100.0","3.7"
0,92,15,13,0,"2016","51",NULL,"69.0"
0,92,15,11,0,"2016","182693","71.6","1.1"
0,92,15,11,0,"2016","39132","15.3","2.6"
0,92,15,11,0,"2016","21075","8.3","3.8"
0,92,15,11,0,"2016","20769","8.1","4.1"
0,92,15,11,0,"2016","255109","100.0","1.0"
0,92,15,11,0,"2016","606",NULL,"29.3"
0,92,14,0,0,"2016","617536","80.0","0.7"
0,92,14,0,0,"2016","108025","14.0","1.7"
0,92,14,0,0,"2016","10254","1.3","5.0"
0,92,14,0,0,"2016","45812","5.9","2.7"
0,92,14,0,0,"2016","771540","100.0","0.4"
0,92,14,0,0,"2016","1519",NULL,"16.5"
0,92,14,4,0,"2016","180762","79.6","1.2"
0,92,14,4,0,"2016","26794","11.8","2.9"
0,92,14,4,0,"2016","4094","1.8","10.9"
0,92,14,4,0,"2016","18251","8.0","4.2"
0,92,14,4,0,"2016","227097","100.0","1.0"
0,92,14,4,0,"2016","284",NULL,"24.1"
0,92,14,6,0,"2016","436774","80.2","0.7"
0,92,14,6,0,"2016","81231","14.9","2.2"
0,92,14,6,0,"2016","27561","5.1","3.6"
0,92,14,6,0,"2016","544443","100.0","0.4"
0,92,14,6,0,"2016","1235",NULL,"16.8"
0,92,14,5,0,"2016","29440","84.9","3.0"
0,92,14,5,0,"2016","2717","7.8","6.8"
0,92,14,5,0,"2016","491","1.4","22.3"
0,92,14,5,0,"2016","2257","6.5","15.6"
0,92,14,5,0,"2016","34678","100.0","2.7"
0,92,14,5,0,"2016","31",NULL,"98.4"
0,92,14,9,0,"2016","588096","79.8","0.7"
0,92,14,9,0,"2016","105308","14.3","1.7"
0,92,14,9,0,"2016","9762","1.3","5.7"
0,92,14,9,0,"2016","43555","5.9","2.8"
0,92,14,9,0,"2016","736863","100.0","0.4"
0,92,14,9,0,"2016","1488",NULL,"15.4"
0,92,14,14,0,"2016","558408","79.4","0.6"
0,92,14,14,0,"2016","102438","14.6","1.8"
0,92,14,14,0,"2016","9510","1.4","4.9"
0,92,14,14,0,"2016","42412","6.0","2.7"
0,92,14,14,0,"2016","703296","100.0","0.4"
0,92,14,14,0,"2016","1444",NULL,"16.0"
0,92,14,3,0,"2016","10610","87.7","4.8"
0,92,14,3,0,"2016","753","6.2","15.7"
0,92,14,3,0,"2016","143","1.2","46.2"
0,92,14,3,0,"2016","723","6.0","18.1"
0,92,14,3,0,"2016","12103","100.0","4.6"
0,92,14,3,0,"2016","2",NULL,"0.0"
0,92,14,1,0,"2016","3832","83.4","8.4"
0,92,14,1,0,"2016","506","11.0","20.7"
0,92,14,1,0,"2016","156","3.4","52.5"
0,92,14,1,0,"2016","178","3.9","44.6"
0,92,14,1,0,"2016","4593","100.0","7.7"
0,92,14,1,0,"2016","17",NULL,"97.1"
0,92,14,2,0,"2016","46090","86.3","2.2"
0,92,14,2,0,"2016","4509","8.4","10.6"
0,92,14,2,0,"2016","508","1.0","22.0"
0,92,14,2,0,"2016","2673","5.0","7.2"
0,92,14,2,0,"2016","53433","100.0","2.3"
0,92,14,2,0,"2016","72",NULL,"51.1"
0,92,14,8,0,"2016","722","84.3","16.4"
0,92,14,8,0,"2016","103","12.0","40.4"
0,92,14,8,0,"2016","31","3.6","98.3"
0,92,14,8,0,"2016","64","7.5","63.5"
0,92,14,8,0,"2016","856","100.0","14.7"
0,92,14,8,0,"2016","0",NULL,"0.0"
0,92,14,12,0,"2016","5000","84.0","6.6"
0,92,14,12,0,"2016","639","10.7","24.1"
0,92,14,12,0,"2016","93","1.6","50.1"
0,92,14,12,0,"2016","302","5.1","29.5"
0,92,14,12,0,"2016","5954","100.0","7.2"
0,92,14,12,0,"2016","0",NULL,"0.0"
0,92,14,7,0,"2016","90551","85.9","1.3"
0,92,14,7,0,"2016","8649","8.2","4.9"
0,92,14,7,0,"2016","1267","1.2","14.6"
0,92,14,7,0,"2016","5744","5.5","7.6"
0,92,14,7,0,"2016","105367","100.0","1.2"
0,92,14,7,0,"2016","122",NULL,"54.3"
0,92,14,10,0,"2016","526985","79.1","0.6"
0,92,14,10,0,"2016","99377","14.9","1.8"
0,92,14,10,0,"2016","8986","1.3","5.3"
0,92,14,10,0,"2016","40068","6.0","2.6"
0,92,14,10,0,"2016","666174","100.0","0.3"
0,92,14,10,0,"2016","1396",NULL,"15.0"
0,92,14,13,0,"2016","60088","84.2","1.5"
0,92,14,13,0,"2016","8502","11.9","4.3"
0,92,14,13,0,"2016","670","0.9","17.9"
0,92,14,13,0,"2016","2835","4.0","10.4"
0,92,14,13,0,"2016","71332","100.0","1.4"
0,92,14,13,0,"2016","97",NULL,"42.0"
0,92,14,11,0,"2016","557448","79.6","0.8"
0,92,14,11,0,"2016","99524","14.2","2.1"
0,92,14,11,0,"2016","9583","1.4","4.4"
0,92,14,11,0,"2016","42977","6.1","2.8"
0,92,14,11,0,"2016","700208","100.0","0.5"
0,92,14,11,0,"2016","1422",NULL,"17.2"
0,92,10,0,0,"2016","8743","44.7","8.2"
0,92,10,0,0,"2016","5572","28.5","8.0"
0,92,10,0,0,"2016","3076","15.7","9.2"
0,92,10,0,0,"2016","4021","20.6","7.8"
0,92,10,0,0,"2016","19557","100.0","4.2"
0,92,10,0,0,"2016","100",NULL,"51.7"
0,92,10,4,0,"2016","1804","36.2","11.4"
0,92,10,4,0,"2016","1130","22.7","9.1"
0,92,10,4,0,"2016","1093","22.0","13.5"
0,92,10,4,0,"2016","1440","28.9","14.4"
0,92,10,4,0,"2016","4978","100.0","7.7"
0,92,10,4,0,"2016","15",NULL,"69.9"
0,92,10,6,0,"2016","6939","47.6","8.2"
0,92,10,6,0,"2016","4443","30.5","8.3"
0,92,10,6,0,"2016","1983","13.6","9.6"
0,92,10,6,0,"2016","2581","17.7","7.0"
0,92,10,6,0,"2016","14580","100.0","4.3"
0,92,10,6,0,"2016","85",NULL,"58.8"
0,92,10,5,0,"2016","184","64.9","32.0"
0,92,10,5,0,"2016","80","28.0","36.3"
0,92,10,5,0,"2016","5","1.7","76.8"
0,92,10,5,0,"2016","16","5.7","54.0"
0,92,10,5,0,"2016","284","100.0","25.5"
0,92,10,5,0,"2016","1",NULL,"0.0"
0,92,10,9,0,"2016","8559","44.4","7.9"
0,92,10,9,0,"2016","5493","28.5","7.8"
0,92,10,9,0,"2016","3071","15.9","9.2"
0,92,10,9,0,"2016","4005","20.8","7.7"
0,92,10,9,0,"2016","19273","100.0","4.0"
0,92,10,9,0,"2016","99",NULL,"52.2"
0,92,10,14,0,"2016","8184","43.9","8.2"
0,92,10,14,0,"2016","5326","28.6","8.5"
0,92,10,14,0,"2016","2980","16.0","9.4"
0,92,10,14,0,"2016","3989","21.4","7.8"
0,92,10,14,0,"2016","18648","100.0","4.3"
0,92,10,14,0,"2016","100",NULL,"51.7"
0,92,10,3,0,"2016","67","72.6","43.4"
0,92,10,3,0,"2016","14","14.8","12.4"
0,92,10,3,0,"2016","10","10.9","49.2"
0,92,10,3,0,"2016","6","7.0","41.7"
0,92,10,3,0,"2016","92","100.0","31.4"
0,92,10,3,0,"2016","0",NULL,"0.0"
0,92,10,1,0,"2016","14","17.0","74.6"
0,92,10,1,0,"2016","31","38.5","66.3"
0,92,10,1,0,"2016","6","7.4","0.0"
0,92,10,1,0,"2016","43","52.6","71.4"
0,92,10,1,0,"2016","81","100.0","48.9"
0,92,10,1,0,"2016","0",NULL,"0.0"
0,92,10,2,0,"2016","451","60.2","17.7"
0,92,10,2,0,"2016","203","27.1","30.5"
0,92,10,2,0,"2016","84","11.2","90.7"
0,92,10,2,0,"2016","29","3.9","46.7"
0,92,10,2,0,"2016","749","100.0","14.2"
0,92,10,2,0,"2016","0",NULL,"0.0"
0,92,10,8,0,"2016","2","17.5","0.0"
0,92,10,8,0,"2016","7","65.0","71.8"
0,92,10,8,0,"2016","0","0.0","0.0"
0,92,10,8,0,"2016","2","17.5","0.0"
0,92,10,8,0,"2016","11","100.0","46.6"
0,92,10,8,0,"2016","0",NULL,"0.0"
0,92,10,12,0,"2016","26","100.0","62.7"
0,92,10,12,0,"2016","0","0.0","0.0"
0,92,10,12,0,"2016","0","0.0","0.0"
0,92,10,12,0,"2016","0","0.0","0.0"
0,92,10,12,0,"2016","26","100.0","62.7"
0,92,10,12,0,"2016","0",NULL,"0.0"
0,92,10,7,0,"2016","722","59.1","15.0"
0,92,10,7,0,"2016","335","27.4","18.3"
0,92,10,7,0,"2016","105","8.6","72.1"
0,92,10,7,0,"2016","97","7.9","33.2"
0,92,10,7,0,"2016","1222","100.0","11.0"
0,92,10,7,0,"2016","1",NULL,"0.0"
0,92,10,10,0,"2016","8021","43.7","7.8"
0,92,10,10,0,"2016","5237","28.6","8.3"
0,92,10,10,0,"2016","2971","16.2","9.4"
0,92,10,10,0,"2016","3925","21.4","7.5"
0,92,10,10,0,"2016","18335","100.0","4.1"
0,92,10,10,0,"2016","99",NULL,"52.2"
0,92,10,13,0,"2016","1030","50.9","13.7"
0,92,10,13,0,"2016","596","29.4","19.4"
0,92,10,13,0,"2016","345","17.0","28.9"
0,92,10,13,0,"2016","242","11.9","21.7"
0,92,10,13,0,"2016","2025","100.0","9.5"
0,92,10,13,0,"2016","0",NULL,"0.0"
0,92,10,11,0,"2016","7713","44.0","8.3"
0,92,10,11,0,"2016","4976","28.4","8.7"
0,92,10,11,0,"2016","2731","15.6","8.7"
0,92,10,11,0,"2016","3780","21.6","7.2"
0,92,10,11,0,"2016","17533","100.0","4.3"
0,92,10,11,0,"2016","100",NULL,"51.7"
0,92,1,0,0,"2016","232797","76.3","0.6"
0,92,1,0,0,"2016","46358","15.2","2.6"
0,92,1,0,0,"2016","10029","3.3","7.2"
0,92,1,0,0,"2016","20550","6.7","4.0"
0,92,1,0,0,"2016","304935","100.0","0.3"
0,92,1,0,0,"2016","654",NULL,"18.3"
0,92,1,4,0,"2016","71109","74.1","1.3"
0,92,1,4,0,"2016","13599","14.2","3.5"
0,92,1,4,0,"2016","3764","3.9","10.7"
0,92,1,4,0,"2016","8706","9.1","5.8"
0,92,1,4,0,"2016","95929","100.0","1.1"
0,92,1,4,0,"2016","143",NULL,"42.3"
0,92,1,6,0,"2016","161688","77.4","0.9"
0,92,1,6,0,"2016","32759","15.7","3.0"
0,92,1,6,0,"2016","6265","3.0","6.2"
0,92,1,6,0,"2016","11844","5.7","5.5"
0,92,1,6,0,"2016","209006","100.0","0.7"
0,92,1,6,0,"2016","511",NULL,"24.2"
0,92,1,5,0,"2016","22240","84.7","3.7"
0,92,1,5,0,"2016","2225","8.5","14.3"
0,92,1,5,0,"2016","628","2.4","21.9"
0,92,1,5,0,"2016","1556","5.9","17.1"
0,92,1,5,0,"2016","26258","100.0","2.7"
0,92,1,5,0,"2016","33",NULL,"92.4"
0,92,1,9,0,"2016","210557","75.6","0.7"
0,92,1,9,0,"2016","44133","15.8","2.5"
0,92,1,9,0,"2016","9401","3.4","7.1"
0,92,1,9,0,"2016","18994","6.8","4.7"
0,92,1,9,0,"2016","278677","100.0","0.5"
0,92,1,9,0,"2016","621",NULL,"18.8"
0,92,1,14,0,"2016","211250","75.7","0.6"
0,92,1,14,0,"2016","43614","15.6","2.6"
0,92,1,14,0,"2016","9300","3.3","7.1"
0,92,1,14,0,"2016","19271","6.9","4.5"
0,92,1,14,0,"2016","279013","100.0","0.4"
0,92,1,14,0,"2016","650",NULL,"18.4"
0,92,1,3,0,"2016","7080","87.4","6.1"
0,92,1,3,0,"2016","621","7.7","22.5"
0,92,1,3,0,"2016","238","2.9","28.8"
0,92,1,3,0,"2016","236","2.9","26.7"
0,92,1,3,0,"2016","8097","100.0","6.3"
0,92,1,3,0,"2016","0",NULL,"0.0"
0,92,1,1,0,"2016","2032","84.3","10.2"
0,92,1,1,0,"2016","321","13.3","37.0"
0,92,1,1,0,"2016","1","0.0","0.0"
0,92,1,1,0,"2016","65","2.7","71.9"
0,92,1,1,0,"2016","2411","100.0","9.4"
0,92,1,1,0,"2016","0",NULL,"0.0"
0,92,1,2,0,"2016","8695","78.4","4.4"
0,92,1,2,0,"2016","1578","14.2","16.1"
0,92,1,2,0,"2016","305","2.8","46.1"
0,92,1,2,0,"2016","694","6.3","16.6"
0,92,1,2,0,"2016","11085","100.0","4.7"
0,92,1,2,0,"2016","4",NULL,"0.0"
0,92,1,8,0,"2016","459","73.8","21.7"
0,92,1,8,0,"2016","115","18.5","49.4"
0,92,1,8,0,"2016","48","7.7","68.9"
0,92,1,8,0,"2016","0","0.0","0.0"
0,92,1,8,0,"2016","622","100.0","23.3"
0,92,1,8,0,"2016","0",NULL,"0.0"
0,92,1,12,0,"2016","6419","85.5","7.1"
0,92,1,12,0,"2016","642","8.5","25.9"
0,92,1,12,0,"2016","234","3.1","30.1"
0,92,1,12,0,"2016","347","4.6","47.2"
0,92,1,12,0,"2016","7510","100.0","6.8"
0,92,1,12,0,"2016","1",NULL,"0.0"
0,92,1,7,0,"2016","39806","83.7","2.8"
0,92,1,7,0,"2016","4807","10.1","9.2"
0,92,1,7,0,"2016","1086","2.3","17.4"
0,92,1,7,0,"2016","2529","5.3","10.9"
0,92,1,7,0,"2016","47566","100.0","1.9"
0,92,1,7,0,"2016","37",NULL,"82.5"
0,92,1,10,0,"2016","192991","75.0","0.8"
0,92,1,10,0,"2016","41550","16.1","2.3"
0,92,1,10,0,"2016","8943","3.5","7.3"
0,92,1,10,0,"2016","18020","7.0","5.0"
0,92,1,10,0,"2016","257369","100.0","0.6"
0,92,1,10,0,"2016","617",NULL,"19.0"
0,92,1,13,0,"2016","21311","79.7","1.9"
0,92,1,13,0,"2016","4367","16.3","5.1"
0,92,1,13,0,"2016","564","2.1","20.2"
0,92,1,13,0,"2016","822","3.1","17.7"
0,92,1,13,0,"2016","26744","100.0","2.1"
0,92,1,13,0,"2016","53",NULL,"62.2"
0,92,1,11,0,"2016","211486","76.0","0.6"
0,92,1,11,0,"2016","41991","15.1","2.8"
0,92,1,11,0,"2016","9464","3.4","7.7"
0,92,1,11,0,"2016","19727","7.1","3.8"
0,92,1,11,0,"2016","278191","100.0","0.4"
0,92,1,11,0,"2016","601",NULL,"18.1"
0,92,5,0,0,"2016","46353","78.8","2.6"
0,92,5,0,0,"2016","9305","15.8","5.5"
0,92,5,0,0,"2016","926","1.6","22.7"
0,92,5,0,0,"2016","3391","5.8","5.7"
0,92,5,0,0,"2016","58820","100.0","2.5"
0,92,5,0,0,"2016","125",NULL,"61.3"
0,92,5,4,0,"2016","22659","77.7","3.8"
0,92,5,4,0,"2016","4670","16.0","5.5"
0,92,5,4,0,"2016","493","1.7","27.2"
0,92,5,4,0,"2016","1835","6.3","10.4"
0,92,5,4,0,"2016","29167","100.0","3.7"
0,92,5,4,0,"2016","48",NULL,"98.0"
0,92,5,6,0,"2016","23693","79.9","2.2"
0,92,5,6,0,"2016","4636","15.6","8.4"
0,92,5,6,0,"2016","433","1.5","28.3"
0,92,5,6,0,"2016","1556","5.2","14.8"
0,92,5,6,0,"2016","29653","100.0","1.9"
0,92,5,6,0,"2016","77",NULL,"44.3"
0,92,5,5,0,"2016","2036","81.8","9.0"
0,92,5,5,0,"2016","453","18.2","21.6"
0,92,5,5,0,"2016","0","0.0","0.0"
0,92,5,5,0,"2016","31","1.2","98.4"
0,92,5,5,0,"2016","2489","100.0","8.9"
0,92,5,5,0,"2016","5",NULL,"88.9"
0,92,5,9,0,"2016","44317","78.7","2.7"
0,92,5,9,0,"2016","8853","15.7","5.9"
0,92,5,9,0,"2016","926","1.6","22.7"
0,92,5,9,0,"2016","3360","6.0","6.0"
0,92,5,9,0,"2016","56331","100.0","2.7"
0,92,5,9,0,"2016","120",NULL,"64.0"
0,92,5,14,0,"2016","38695","78.2","2.9"
0,92,5,14,0,"2016","7950","16.1","5.5"
0,92,5,14,0,"2016","825","1.7","25.1"
0,92,5,14,0,"2016","2920","5.9","5.3"
0,92,5,14,0,"2016","49511","100.0","3.1"
0,92,5,14,0,"2016","115",NULL,"67.1"
0,92,5,3,0,"2016","1390","81.7","9.5"
0,92,5,3,0,"2016","201","11.8","27.5"
0,92,5,3,0,"2016","77","4.5","66.6"
0,92,5,3,0,"2016","60","3.5","61.4"
0,92,5,3,0,"2016","1700","100.0","10.2"
0,92,5,3,0,"2016","0",NULL,"0.0"
0,92,5,1,0,"2016","226","80.4","27.7"
0,92,5,1,0,"2016","54","19.2","61.0"
0,92,5,1,0,"2016","0","0.0","0.0"
0,92,5,1,0,"2016","2","0.7","0.0"
0,92,5,1,0,"2016","281","100.0","26.4"
0,92,5,1,0,"2016","0",NULL,"0.0"
0,92,5,2,0,"2016","6045","83.0","4.4"
0,92,5,2,0,"2016","1055","14.5","26.4"
0,92,5,2,0,"2016","24","0.3","97.9"
0,92,5,2,0,"2016","410","5.6","37.8"
0,92,5,2,0,"2016","7286","100.0","4.8"
0,92,5,2,0,"2016","0",NULL,"0.0"
0,92,5,8,0,"2016","61","44.5","85.7"
0,92,5,8,0,"2016","45","32.9","70.4"
0,92,5,8,0,"2016","0","0.0","0.0"
0,92,5,8,0,"2016","31","22.6","98.4"
0,92,5,8,0,"2016","138","100.0","42.7"
0,92,5,8,0,"2016","0",NULL,"0.0"
0,92,5,12,0,"2016","530","82.4","11.8"
0,92,5,12,0,"2016","113","17.6","50.4"
0,92,5,12,0,"2016","0","0.0","0.0"
0,92,5,12,0,"2016","0","0.0","0.0"
0,92,5,12,0,"2016","643","100.0","9.8"
0,92,5,12,0,"2016","9",NULL,"88.9"
0,92,5,7,0,"2016","9761","82.1","4.4"
0,92,5,7,0,"2016","1824","15.4","20.5"
0,92,5,7,0,"2016","101","0.8","52.4"
0,92,5,7,0,"2016","504","4.2","32.7"
0,92,5,7,0,"2016","11883","100.0","4.7"
0,92,5,7,0,"2016","9",NULL,"88.9"
0,92,5,10,0,"2016","36591","78.0","3.1"
0,92,5,10,0,"2016","7481","15.9","6.5"
0,92,5,10,0,"2016","825","1.8","25.1"
0,92,5,10,0,"2016","2887","6.2","5.4"
0,92,5,10,0,"2016","46937","100.0","3.2"
0,92,5,10,0,"2016","115",NULL,"67.1"
0,92,5,13,0,"2016","3131","75.5","8.2"
0,92,5,13,0,"2016","545","13.1","16.3"
0,92,5,13,0,"2016","142","3.4","65.6"
0,92,5,13,0,"2016","330","8.0","30.2"
0,92,5,13,0,"2016","4147","100.0","8.8"
0,92,5,13,0,"2016","31",NULL,"98.6"
0,92,5,11,0,"2016","43221","79.1","2.5"
0,92,5,11,0,"2016","8760","16.0","5.7"
0,92,5,11,0,"2016","783","1.4","26.8"
0,92,5,11,0,"2016","3061","5.6","7.0"
0,92,5,11,0,"2016","54672","100.0","2.2"
0,92,5,11,0,"2016","94",NULL,"51.1"
0,92,7,0,0,"2016","382448","73.8","0.8"
0,92,7,0,0,"2016","125509","24.2","1.5"
0,92,7,0,0,"2016","5421","1.0","7.3"
0,92,7,0,0,"2016","15352","3.0","4.9"
0,92,7,0,0,"2016","518245","100.0","0.6"
0,92,7,0,0,"2016","875",NULL,"15.9"
0,92,7,4,0,"2016","148901","77.5","1.8"
0,92,7,4,0,"2016","38415","20.0","2.3"
0,92,7,4,0,"2016","2493","1.3","8.3"
0,92,7,4,0,"2016","6989","3.6","6.1"
0,92,7,4,0,"2016","192146","100.0","1.7"
0,92,7,4,0,"2016","310",NULL,"38.0"
0,92,7,6,0,"2016","233547","71.6","1.4"
0,92,7,6,0,"2016","87094","26.7","1.8"
0,92,7,6,0,"2016","2928","0.9","10.8"
0,92,7,6,0,"2016","8364","2.6","6.5"
0,92,7,6,0,"2016","326099","100.0","0.9"
0,92,7,6,0,"2016","565",NULL,"17.9"
0,92,7,5,0,"2016","23972","78.5","3.8"
0,92,7,5,0,"2016","6161","20.2","7.8"
0,92,7,5,0,"2016","188","0.6","37.7"
0,92,7,5,0,"2016","800","2.6","17.8"
0,92,7,5,0,"2016","30530","100.0","3.2"
0,92,7,5,0,"2016","86",NULL,"73.1"
0,92,7,9,0,"2016","358477","73.5","0.9"
0,92,7,9,0,"2016","119348","24.5","1.5"
0,92,7,9,0,"2016","5233","1.1","8.0"
0,92,7,9,0,"2016","14553","3.0","5.4"
0,92,7,9,0,"2016","487716","100.0","0.6"
0,92,7,9,0,"2016","789",NULL,"17.2"
0,92,7,14,0,"2016","305111","72.6","0.7"
0,92,7,14,0,"2016","106245","25.3","1.2"
0,92,7,14,0,"2016","4717","1.1","8.5"
0,92,7,14,0,"2016","12303","2.9","4.5"
0,92,7,14,0,"2016","419993","100.0","0.5"
0,92,7,14,0,"2016","705",NULL,"16.4"
0,92,7,3,0,"2016","20120","85.8","2.7"
0,92,7,3,0,"2016","2701","11.5","9.1"
0,92,7,3,0,"2016","321","1.4","38.3"
0,92,7,3,0,"2016","747","3.2","22.4"
0,92,7,3,0,"2016","23442","100.0","3.1"
0,92,7,3,0,"2016","38",NULL,"44.0"
0,92,7,1,0,"2016","2052","82.4","8.0"
0,92,7,1,0,"2016","373","15.0","25.0"
0,92,7,1,0,"2016","67","2.7","90.5"
0,92,7,1,0,"2016","49","2.0","68.1"
0,92,7,1,0,"2016","2491","100.0","5.2"
0,92,7,1,0,"2016","0",NULL,"0.0"
0,92,7,2,0,"2016","53791","76.2","2.8"
0,92,7,2,0,"2016","15940","22.6","4.7"
0,92,7,2,0,"2016","381","0.5","38.5"
0,92,7,2,0,"2016","2154","3.0","10.9"
0,92,7,2,0,"2016","70626","100.0","2.8"
0,92,7,2,0,"2016","100",NULL,"42.7"
0,92,7,8,0,"2016","700","71.6","16.7"
0,92,7,8,0,"2016","238","24.4","33.3"
0,92,7,8,0,"2016","1","0.1","41.1"
0,92,7,8,0,"2016","39","4.0","78.6"
0,92,7,8,0,"2016","978","100.0","16.4"
0,92,7,8,0,"2016","0",NULL,"0.0"
0,92,7,12,0,"2016","5371","73.5","8.0"
0,92,7,12,0,"2016","1778","24.3","15.8"
0,92,7,12,0,"2016","24","0.3","97.9"
0,92,7,12,0,"2016","258","3.5","41.1"
0,92,7,12,0,"2016","7311","100.0","7.9"
0,92,7,12,0,"2016","32",NULL,"95.3"
0,92,7,7,0,"2016","100771","78.5","2.1"
0,92,7,7,0,"2016","25471","19.9","3.9"
0,92,7,7,0,"2016","983","0.8","18.6"
0,92,7,7,0,"2016","3806","3.0","9.9"
0,92,7,7,0,"2016","128311","100.0","1.7"
0,92,7,7,0,"2016","225",NULL,"30.1"
0,92,7,10,0,"2016","281678","72.2","0.8"
0,92,7,10,0,"2016","100038","25.7","1.5"
0,92,7,10,0,"2016","4438","1.1","9.6"
0,92,7,10,0,"2016","11546","3.0","4.9"
0,92,7,10,0,"2016","389934","100.0","0.6"
0,92,7,10,0,"2016","650",NULL,"18.3"
0,92,7,13,0,"2016","33762","76.3","3.1"
0,92,7,13,0,"2016","10189","23.0","2.8"
0,92,7,13,0,"2016","304","0.7","27.3"
0,92,7,13,0,"2016","943","2.1","11.7"
0,92,7,13,0,"2016","44266","100.0","2.2"
0,92,7,13,0,"2016","65",NULL,"70.5"
0,92,7,11,0,"2016","348686","73.6","0.8"
0,92,7,11,0,"2016","115320","24.3","1.7"
0,92,7,11,0,"2016","5118","1.1","8.8"
0,92,7,11,0,"2016","14409","3.0","5.0"
0,92,7,11,0,"2016","473979","100.0","0.6"
0,92,7,11,0,"2016","810",NULL,"17.8"
0,92,3,0,0,"2016","65929","71.6","2.0"
0,92,3,0,0,"2016","19152","20.8","4.2"
0,92,3,0,0,"2016","3171","3.4","9.4"
0,92,3,0,0,"2016","5242","5.7","8.8"
0,92,3,0,0,"2016","92121","100.0","2.1"
0,92,3,0,0,"2016","314",NULL,"38.8"
0,92,3,4,0,"2016","21722","71.6","3.7"
0,92,3,4,0,"2016","5549","18.3","5.9"
0,92,3,4,0,"2016","1255","4.1","17.2"
0,92,3,4,0,"2016","2347","7.7","15.4"
0,92,3,4,0,"2016","30332","100.0","2.9"
0,92,3,4,0,"2016","103",NULL,"58.4"
0,92,3,6,0,"2016","44207","71.5","2.0"
0,92,3,6,0,"2016","13603","22.0","4.9"
0,92,3,6,0,"2016","1916","3.1","8.2"
0,92,3,6,0,"2016","2895","4.7","9.3"
0,92,3,6,0,"2016","61788","100.0","2.0"
0,92,3,6,0,"2016","211",NULL,"45.4"
0,92,3,5,0,"2016","2437","76.5","11.8"
0,92,3,5,0,"2016","623","19.5","18.7"
0,92,3,5,0,"2016","74","2.3","51.6"
0,92,3,5,0,"2016","167","5.3","26.4"
0,92,3,5,0,"2016","3188","100.0","11.3"
0,92,3,5,0,"2016","10",NULL,"94.6"
0,92,3,9,0,"2016","63492","71.4","2.1"
0,92,3,9,0,"2016","18529","20.8","4.2"
0,92,3,9,0,"2016","3098","3.5","9.8"
0,92,3,9,0,"2016","5074","5.7","8.6"
0,92,3,9,0,"2016","88933","100.0","2.2"
0,92,3,9,0,"2016","305",NULL,"40.1"
0,92,3,14,0,"2016","62299","71.3","2.1"
0,92,3,14,0,"2016","18255","20.9","4.5"
0,92,3,14,0,"2016","3099","3.5","9.9"
0,92,3,14,0,"2016","5057","5.8","8.9"
0,92,3,14,0,"2016","87386","100.0","2.3"
0,92,3,14,0,"2016","314",NULL,"38.8"
0,92,3,3,0,"2016","1657","85.4","16.2"
0,92,3,3,0,"2016","202","10.4","32.2"
0,92,3,3,0,"2016","45","2.3","65.4"
0,92,3,3,0,"2016","35","1.8","86.5"
0,92,3,3,0,"2016","1940","100.0","11.9"
0,92,3,3,0,"2016","0",NULL,"0.0"
0,92,3,1,0,"2016","301","66.7","27.6"
0,92,3,1,0,"2016","119","26.4","54.5"
0,92,3,1,0,"2016","0","0.0","0.0"
0,92,3,1,0,"2016","31","6.9","98.4"
0,92,3,1,0,"2016","451","100.0","26.4"
0,92,3,1,0,"2016","0",NULL,"0.0"
0,92,3,2,0,"2016","1882","68.7","11.0"
0,92,3,2,0,"2016","805","29.4","20.2"
0,92,3,2,0,"2016","3","0.1","80.7"
0,92,3,2,0,"2016","101","3.7","42.1"
0,92,3,2,0,"2016","2737","100.0","10.3"
0,92,3,2,0,"2016","0",NULL,"0.0"
0,92,3,8,0,"2016","146","70.1","70.7"
0,92,3,8,0,"2016","31","15.0","98.4"
0,92,3,8,0,"2016","0","0.0","0.0"
0,92,3,8,0,"2016","31","15.0","98.4"
0,92,3,8,0,"2016","208","100.0","67.0"
0,92,3,8,0,"2016","0",NULL,"0.0"
0,92,3,12,0,"2016","393","65.6","26.2"
0,92,3,12,0,"2016","135","22.5","46.9"
0,92,3,12,0,"2016","24","4.0","97.9"
0,92,3,12,0,"2016","48","8.0","65.3"
0,92,3,12,0,"2016","600","100.0","14.5"
0,92,3,12,0,"2016","0",NULL,"0.0"
0,92,3,7,0,"2016","6282","76.1","6.9"
0,92,3,7,0,"2016","1710","20.7","14.3"
0,92,3,7,0,"2016","122","1.5","43.2"
0,92,3,7,0,"2016","304","3.7","18.0"
0,92,3,7,0,"2016","8251","100.0","6.8"
0,92,3,7,0,"2016","10",NULL,"94.6"
0,92,3,10,0,"2016","59648","71.1","2.2"
0,92,3,10,0,"2016","17441","20.8","4.5"
0,92,3,10,0,"2016","3049","3.6","10.1"
0,92,3,10,0,"2016","4938","5.9","9.2"
0,92,3,10,0,"2016","83870","100.0","2.4"
0,92,3,10,0,"2016","305",NULL,"40.1"
0,92,3,13,0,"2016","4755","67.4","5.8"
0,92,3,13,0,"2016","1885","26.7","15.3"
0,92,3,13,0,"2016","192","2.7","31.8"
0,92,3,13,0,"2016","340","4.8","29.0"
0,92,3,13,0,"2016","7060","100.0","4.7"
0,92,3,13,0,"2016","68",NULL,"64.6"
0,92,3,11,0,"2016","61174","71.9","2.1"
0,92,3,11,0,"2016","17266","20.3","4.3"
0,92,3,11,0,"2016","2979","3.5","8.7"
0,92,3,11,0,"2016","4902","5.8","9.6"
0,92,3,11,0,"2016","85060","100.0","2.3"
0,92,3,11,0,"2016","246",NULL,"50.2"
0,92,0,0,0,"2016","283749","58.8","1.1"
0,92,0,0,0,"2016","170133","35.2","2.0"
0,92,0,0,0,"2016","17732","3.7","5.4"
0,92,0,0,0,"2016","27086","5.6","3.1"
0,92,0,0,0,"2016","482750","100.0","0.7"
0,92,0,0,0,"2016","1822",NULL,"12.4"
0,92,0,4,0,"2016","88321","55.4","1.7"
0,92,0,4,0,"2016","56441","35.4","2.7"
0,92,0,4,0,"2016","8203","5.1","6.2"
0,92,0,4,0,"2016","11851","7.4","4.9"
0,92,0,4,0,"2016","159563","100.0","1.1"
0,92,0,4,0,"2016","596",NULL,"25.7"
0,92,0,6,0,"2016","195428","60.5","1.1"
0,92,0,6,0,"2016","113692","35.2","1.8"
0,92,0,6,0,"2016","9529","2.9","7.6"
0,92,0,6,0,"2016","15236","4.7","2.9"
0,92,0,6,0,"2016","323187","100.0","0.7"
0,92,0,6,0,"2016","1226",NULL,"12.4"
0,92,0,5,0,"2016","26734","67.5","3.0"
0,92,0,5,0,"2016","10564","26.7","5.0"
0,92,0,5,0,"2016","1066","2.7","19.4"
0,92,0,5,0,"2016","2159","5.5","13.2"
0,92,0,5,0,"2016","39608","100.0","1.7"
0,92,0,5,0,"2016","127",NULL,"90.3"
0,92,0,9,0,"2016","257015","58.0","1.0"
0,92,0,9,0,"2016","159569","36.0","2.1"
0,92,0,9,0,"2016","16665","3.8","6.0"
0,92,0,9,0,"2016","24928","5.6","3.0"
0,92,0,9,0,"2016","443142","100.0","0.7"
0,92,0,9,0,"2016","1695",NULL,"13.7"
0,92,0,14,0,"2016","205744","59.6","1.3"
0,92,0,14,0,"2016","115668","33.5","2.0"
0,92,0,14,0,"2016","15288","4.4","6.9"
0,92,0,14,0,"2016","19843","5.7","2.2"
0,92,0,14,0,"2016","345127","100.0","0.7"
0,92,0,14,0,"2016","1265",NULL,"15.3"
0,92,0,3,0,"2016","3842","65.5","12.9"
0,92,0,3,0,"2016","1949","33.2","16.9"
0,92,0,3,0,"2016","188","3.2","55.8"
0,92,0,3,0,"2016","163","2.8","23.4"
0,92,0,3,0,"2016","5868","100.0","11.4"
0,92,0,3,0,"2016","5",NULL,"89.0"
0,92,0,1,0,"2016","1352","59.2","11.5"
0,92,0,1,0,"2016","734","32.1","13.7"
0,92,0,1,0,"2016","79","3.5","72.6"
0,92,0,1,0,"2016","182","8.0","47.1"
0,92,0,1,0,"2016","2284","100.0","11.9"
0,92,0,1,0,"2016","0",NULL,"0.0"
0,92,0,2,0,"2016","66041","55.4","2.2"
0,92,0,2,0,"2016","48485","40.6","3.2"
0,92,0,2,0,"2016","2263","1.9","6.9"
0,92,0,2,0,"2016","6620","5.5","9.4"
0,92,0,2,0,"2016","119305","100.0","2.1"
0,92,0,2,0,"2016","459",NULL,"26.0"
0,92,0,8,0,"2016","337","46.0","22.8"
0,92,0,8,0,"2016","142","19.4","26.8"
0,92,13,6,0,"2016","221552","100.0","0.7"
0,92,0,8,0,"2016","217","29.6","59.3"
0,92,0,8,0,"2016","68","9.3","55.5"
0,92,0,8,0,"2016","733","100.0","23.8"
0,92,0,8,0,"2016","0",NULL,"0.0"
0,92,0,12,0,"2016","9095","62.4","5.3"
0,92,0,12,0,"2016","4825","33.1","6.2"
0,92,0,12,0,"2016","215","1.5","36.0"
0,92,0,12,0,"2016","668","4.6","20.5"
0,92,0,12,0,"2016","14566","100.0","5.1"
0,92,0,12,0,"2016","93",NULL,"98.4"
0,92,0,7,0,"2016","98783","58.4","2.0"
0,92,0,7,0,"2016","62813","37.2","2.7"
0,92,0,7,0,"2016","3687","2.2","6.6"
0,92,0,7,0,"2016","9150","5.4","7.7"
0,92,0,7,0,"2016","169044","100.0","1.6"
0,92,0,7,0,"2016","591",NULL,"29.7"
0,92,0,10,0,"2016","184966","59.0","1.2"
0,92,0,10,0,"2016","107320","34.2","2.0"
0,92,0,10,0,"2016","14045","4.5","7.8"
0,92,0,10,0,"2016","17937","5.7","2.2"
0,92,0,10,0,"2016","313706","100.0","0.7"
0,92,0,10,0,"2016","1232",NULL,"16.6"
0,92,0,13,0,"2016","15166","56.1","3.4"
0,92,0,13,0,"2016","10730","39.7","4.6"
0,92,0,13,0,"2016","1004","3.7","21.9"
0,92,0,13,0,"2016","920","3.4","12.6"
0,92,0,13,0,"2016","27012","100.0","2.0"
0,92,0,13,0,"2016","17",NULL,"98.0"
0,92,0,11,0,"2016","268583","58.9","1.2"
0,92,0,11,0,"2016","159403","35.0","2.1"
0,92,0,11,0,"2016","16728","3.7","5.4"
0,92,0,11,0,"2016","26166","5.7","3.2"
0,92,0,11,0,"2016","455738","100.0","0.8"
0,92,0,11,0,"2016","1805",NULL,"13.0"
0,92,13,0,0,"2016","231589","65.7","1.0"
0,92,13,0,0,"2016","92262","26.2","2.4"
0,92,13,0,0,"2016","13371","3.8","1.9"
0,92,13,0,0,"2016","23455","6.7","3.1"
0,92,13,0,0,"2016","352464","100.0","0.6"
0,92,13,0,0,"2016","642",NULL,"16.4"
0,92,13,4,0,"2016","85989","65.7","1.6"
0,92,13,4,0,"2016","32814","25.1","2.7"
0,92,13,4,0,"2016","5017","3.8","8.8"
0,92,13,4,0,"2016","9688","7.4","2.8"
0,92,13,4,0,"2016","130912","100.0","1.1"
0,92,13,4,0,"2016","154",NULL,"28.8"
0,92,13,6,0,"2016","145600","65.7","1.2"
0,92,13,6,0,"2016","59448","26.8","2.7"
0,92,13,6,0,"2016","8353","3.8","6.5"
0,92,13,6,0,"2016","13767","6.2","4.2"
0,92,13,6,0,"2016","488",NULL,"25.8"
0,92,13,5,0,"2016","16785","72.1","4.7"
0,92,13,5,0,"2016","4687","20.1","7.6"
0,92,13,5,0,"2016","570","2.4","20.7"
0,92,13,5,0,"2016","1674","7.2","9.5"
0,92,13,5,0,"2016","23294","100.0","4.0"
0,92,13,5,0,"2016","68",NULL,"55.7"
0,92,13,9,0,"2016","214804","65.3","1.3"
0,92,13,9,0,"2016","87575","26.6","2.3"
0,92,13,9,0,"2016","12801","3.9","2.3"
0,92,13,9,0,"2016","21781","6.6","3.5"
0,92,13,9,0,"2016","329170","100.0","0.7"
0,92,13,9,0,"2016","574",NULL,"19.1"
0,92,13,14,0,"2016","194692","66.3","1.2"
0,92,13,14,0,"2016","72950","24.8","2.0"
0,92,13,14,0,"2016","12181","4.1","2.5"
0,92,13,14,0,"2016","20611","7.0","3.3"
0,92,13,14,0,"2016","293619","100.0","0.9"
0,92,13,14,0,"2016","547",NULL,"21.5"
0,92,13,3,0,"2016","4368","74.9","10.1"
0,92,13,3,0,"2016","958","16.4","17.5"
0,92,13,3,0,"2016","350","6.0","29.5"
0,92,13,3,0,"2016","336","5.8","36.8"
0,92,13,3,0,"2016","5834","100.0","10.7"
0,92,13,3,0,"2016","10",NULL,"95.2"
0,92,13,1,0,"2016","1618","73.2","11.6"
0,92,13,1,0,"2016","514","23.3","28.7"
0,92,13,1,0,"2016","132","6.0","48.6"
0,92,13,1,0,"2016","53","2.4","54.6"
0,92,13,1,0,"2016","2212","100.0","10.0"
0,92,13,1,0,"2016","26",NULL,"98.1"
0,92,13,2,0,"2016","28329","59.9","3.7"
0,92,13,2,0,"2016","17057","36.0","6.2"
0,92,13,2,0,"2016","681","1.4","16.7"
0,92,13,2,0,"2016","2208","4.7","7.7"
0,92,13,2,0,"2016","47316","100.0","4.0"
0,92,13,2,0,"2016","27",NULL,"98.1"
0,92,13,8,0,"2016","201","42.1","37.8"
0,92,13,8,0,"2016","212","44.5","37.3"
0,92,13,8,0,"2016","31","6.5","98.4"
0,92,13,8,0,"2016","64","13.4","63.3"
0,92,13,8,0,"2016","477","100.0","29.4"
0,92,13,8,0,"2016","0",NULL,"0.0"
0,92,13,12,0,"2016","5069","72.0","8.3"
0,92,13,12,0,"2016","1402","19.9","22.1"
0,92,13,12,0,"2016","249","3.5","36.4"
0,92,13,12,0,"2016","551","7.8","17.3"
0,92,13,12,0,"2016","7037","100.0","7.3"
0,92,13,12,0,"2016","68",NULL,"55.7"
0,92,13,7,0,"2016","50937","64.9","2.8"
0,92,13,7,0,"2016","23329","29.7","5.4"
0,92,13,7,0,"2016","1702","2.2","10.2"
0,92,13,7,0,"2016","4237","5.4","4.9"
0,92,13,7,0,"2016","78511","100.0","2.6"
0,92,13,7,0,"2016","131",NULL,"31.5"
0,92,13,10,0,"2016","180652","65.9","1.4"
0,92,13,10,0,"2016","68933","25.2","1.8"
0,92,13,10,0,"2016","11669","4.3","2.4"
0,92,13,10,0,"2016","19218","7.0","3.8"
0,92,13,10,0,"2016","273953","100.0","0.9"
0,92,13,10,0,"2016","511",NULL,"22.9"
0,92,13,13,0,"2016","19137","68.4","4.8"
0,92,13,13,0,"2016","7316","26.2","4.0"
0,92,13,13,0,"2016","1264","4.5","15.7"
0,92,13,13,0,"2016","949","3.4","29.1"
0,92,13,13,0,"2016","27977","100.0","2.9"
0,92,13,13,0,"2016","62",NULL,"98.4"
0,92,13,11,0,"2016","212453","65.5","1.0"
0,92,13,11,0,"2016","84946","26.2","2.4"
0,92,13,11,0,"2016","12106","3.7","1.7"
0,92,13,11,0,"2016","22507","6.9","2.9"
0,92,13,11,0,"2016","324486","100.0","0.7"
0,92,13,11,0,"2016","580",NULL,"16.0"
0,92,8,0,0,"2016","15378","67.9","5.0"
0,92,8,0,0,"2016","6364","28.1","3.5"
0,92,8,0,0,"2016","1977","8.7","12.8"
0,92,8,0,0,"2016","1706","7.5","13.7"
0,92,8,0,0,"2016","22639","100.0","3.4"
0,92,8,0,0,"2016","1",NULL,"0.0"
0,92,8,4,0,"2016","6187","66.1","5.7"
0,92,8,4,0,"2016","2158","23.1","5.7"
0,92,8,4,0,"2016","658","7.0","18.9"
0,92,8,4,0,"2016","1025","11.0","12.3"
0,92,8,4,0,"2016","9355","100.0","3.9"
0,92,8,4,0,"2016","1",NULL,"0.0"
0,92,8,6,0,"2016","9191","69.2","5.1"
0,92,8,6,0,"2016","4207","31.7","3.7"
0,92,8,6,0,"2016","1319","9.9","14.4"
0,92,8,6,0,"2016","681","5.1","24.0"
0,92,8,6,0,"2016","13285","100.0","3.4"
0,92,8,6,0,"2016","0",NULL,"0.0"
0,92,8,5,0,"2016","332","74.4","36.5"
0,92,8,5,0,"2016","102","22.8","46.5"
0,92,8,5,0,"2016","13","2.8","91.7"
0,92,8,5,0,"2016","3","0.7","82.8"
0,92,8,5,0,"2016","446","100.0","22.7"
0,92,8,5,0,"2016","0",NULL,"0.0"
0,92,8,9,0,"2016","15046","67.8","4.7"
0,92,8,9,0,"2016","6262","28.2","3.6"
0,92,8,9,0,"2016","1964","8.9","13.0"
0,92,8,9,0,"2016","1702","7.7","13.7"
0,92,8,9,0,"2016","22193","100.0","3.2"
0,92,8,9,0,"2016","1",NULL,"0.0"
0,92,8,14,0,"2016","14496","67.5","4.5"
0,92,8,14,0,"2016","6166","28.7","3.9"
0,92,8,14,0,"2016","1972","9.2","12.9"
0,92,8,14,0,"2016","1618","7.5","14.9"
0,92,8,14,0,"2016","21473","100.0","3.1"
0,92,8,14,0,"2016","1",NULL,"0.0"
0,92,8,3,0,"2016","310","79.8","46.0"
0,92,8,3,0,"2016","27","7.0","98.1"
0,92,8,3,0,"2016","0","0.0","0.0"
0,92,8,3,0,"2016","51","13.2","65.4"
0,92,8,3,0,"2016","388","100.0","36.6"
0,92,8,3,0,"2016","0",NULL,"0.0"
0,92,8,1,0,"2016","85","63.4","42.2"
0,92,8,1,0,"2016","44","32.9","60.7"
0,92,8,1,0,"2016","5","3.7","89.5"
0,92,8,1,0,"2016","8","6.1","60.3"
0,92,8,1,0,"2016","134","100.0","26.1"
0,92,8,1,0,"2016","0",NULL,"0.0"
0,92,8,2,0,"2016","515","78.3","40.6"
0,92,8,2,0,"2016","112","17.0","57.1"
0,92,8,2,0,"2016","0","0.0","0.0"
0,92,8,2,0,"2016","31","4.7","98.4"
0,92,8,2,0,"2016","657","100.0","29.6"
0,92,8,2,0,"2016","0",NULL,"0.0"
0,92,8,8,0,"2016","2","100.0","0.0"
0,92,8,8,0,"2016","0","0.0","0.0"
0,92,8,8,0,"2016","0","0.0","0.0"
0,92,8,8,0,"2016","0","0.0","0.0"
0,92,8,8,0,"2016","2","100.0","0.0"
0,92,8,8,0,"2016","0",NULL,"0.0"
0,92,8,12,0,"2016","113","67.2","40.4"
0,92,8,12,0,"2016","55","32.8","75.6"
0,92,8,12,0,"2016","0","0.0","0.0"
0,92,8,12,0,"2016","0","0.0","0.0"
0,92,8,12,0,"2016","168","100.0","29.9"
0,92,8,12,0,"2016","0",NULL,"0.0"
0,92,8,7,0,"2016","1159","76.6","29.1"
0,92,8,7,0,"2016","254","16.8","33.2"
0,92,8,7,0,"2016","18","1.2","91.1"
0,92,8,7,0,"2016","90","6.0","44.6"
0,92,8,7,0,"2016","1513","100.0","19.3"
0,92,8,7,0,"2016","0",NULL,"0.0"
0,92,8,10,0,"2016","14219","67.3","4.5"
0,92,8,10,0,"2016","6110","28.9","4.0"
0,92,8,10,0,"2016","1959","9.3","13.1"
0,92,8,10,0,"2016","1615","7.6","14.9"
0,92,8,10,0,"2016","21127","100.0","3.1"
0,92,8,10,0,"2016","1",NULL,"0.0"
0,92,8,13,0,"2016","1421","62.6","13.9"
0,92,8,13,0,"2016","735","32.4","19.4"
0,92,8,13,0,"2016","300","13.2","32.4"
0,92,8,13,0,"2016","169","7.4","46.9"
0,92,8,13,0,"2016","2271","100.0","11.7"
0,92,8,13,0,"2016","0",NULL,"0.0"
0,92,8,11,0,"2016","13957","68.5","5.3"
0,92,8,11,0,"2016","5629","27.6","2.0"
0,92,8,11,0,"2016","1677","8.2","11.4"
0,92,8,11,0,"2016","1537","7.5","16.0"
0,92,8,11,0,"2016","20369","100.0","3.8"
0,92,8,11,0,"2016","1",NULL,"0.0"
1,0,17,0,0,"2016","40485","66.8","2.3"
1,0,17,0,0,"2016","13735","22.7","5.3"
1,0,17,0,0,"2016","3326","5.5","12.7"
1,0,17,0,0,"2016","4659","7.7","8.7"
1,0,17,0,0,"2016","60561","100.0","1.7"
1,0,17,0,0,"2016","170",NULL,"50.1"
2,1,17,0,0,"2016","9661","67.8","3.9"
2,1,17,0,0,"2016","3254","22.9","10.7"
2,1,17,0,0,"2016","449","3.2","18.8"
2,1,17,0,0,"2016","1294","9.1","12.9"
2,1,17,0,0,"2016","14239","100.0","4.0"
2,1,17,0,0,"2016","0",NULL,"0.0"
3,2,17,0,0,"2016","68724","74.3","2.0"
3,2,17,0,0,"2016","17031","18.4","4.4"
3,2,17,0,0,"2016","2468","2.7","18.0"
3,2,17,0,0,"2016","5654","6.1","9.9"
3,2,17,0,0,"2016","92519","100.0","1.1"
3,2,17,0,0,"2016","172",NULL,"54.8"
4,3,17,0,0,"2016","29998","65.4","2.7"
4,3,17,0,0,"2016","10913","23.8","6.5"
4,3,17,0,0,"2016","2387","5.2","12.2"
4,3,17,0,0,"2016","3553","7.7","6.8"
4,3,17,0,0,"2016","45887","100.0","2.2"
4,3,17,0,0,"2016","151",NULL,"46.9"
5,10,17,0,0,"2016","476464","73.0","0.7"
5,10,17,0,0,"2016","122857","18.8","2.6"
5,10,17,0,0,"2016","21956","3.4","2.5"
5,10,17,0,0,"2016","46409","7.1","3.4"
5,10,17,0,0,"2016","652513","100.0","0.7"
5,10,17,0,0,"2016","1368",NULL,"19.7"
6,15,17,0,0,"2016","93338","73.7","1.5"
6,15,17,0,0,"2016","24322","19.2","4.0"
6,15,17,0,0,"2016","3558","2.8","9.5"
6,15,17,0,0,"2016","8249","6.5","4.7"
6,15,17,0,0,"2016","126686","100.0","1.0"
6,15,17,0,0,"2016","205",NULL,"62.7"
7,17,17,0,0,"2016","39075","63.5","1.5"
7,17,17,0,0,"2016","14432","23.5","3.4"
7,17,17,0,0,"2016","3415","5.6","6.3"
7,17,17,0,0,"2016","6328","10.3","6.3"
7,17,17,0,0,"2016","61500","100.0","1.4"
7,17,17,0,0,"2016","146",NULL,"41.6"
8,19,17,0,0,"2016","10207","69.5","5.5"
8,19,17,0,0,"2016","3028","20.6","9.4"
8,19,17,0,0,"2016","538","3.7","32.5"
8,19,17,0,0,"2016","1248","8.5","20.2"
8,19,17,0,0,"2016","14680","100.0","2.6"
8,19,17,0,0,"2016","42",NULL,"74.3"
9,22,17,0,0,"2016","7679","70.4","7.9"
9,22,17,0,0,"2016","2024","18.6","19.8"
9,22,17,0,0,"2016","370","3.4","54.1"
9,22,17,0,0,"2016","1009","9.2","18.0"
9,22,17,0,0,"2016","10911","100.0","7.7"
9,22,17,0,0,"2016","1",NULL,"0.0"
10,23,17,0,0,"2016","271666","75.5","0.9"
10,23,17,0,0,"2016","60635","16.9","2.3"
10,23,17,0,0,"2016","9975","2.8","8.8"
10,23,17,0,0,"2016","23085","6.4","3.6"
10,23,17,0,0,"2016","359709","100.0","0.8"
10,23,17,0,0,"2016","775",NULL,"16.5"
11,24,17,0,0,"2016","107127","73.4","1.6"
11,24,17,0,0,"2016","26556","18.2","2.5"
11,24,17,0,0,"2016","6730","4.6","8.0"
11,24,17,0,0,"2016","8927","6.1","6.2"
11,24,17,0,0,"2016","145904","100.0","0.7"
11,24,17,0,0,"2016","374",NULL,"34.6"
12,26,17,0,0,"2016","14637","70.3","3.0"
12,26,17,0,0,"2016","3676","17.7","5.7"
12,26,17,0,0,"2016","1141","5.5","28.1"
12,26,17,0,0,"2016","1770","8.5","16.9"
12,26,17,0,0,"2016","20813","100.0","2.6"
12,26,17,0,0,"2016","2",NULL,"0.0"
13,28,17,0,0,"2016","28445","71.0","2.4"
13,28,17,0,0,"2016","9043","22.6","4.8"
13,28,17,0,0,"2016","1133","2.8","10.5"
13,28,17,0,0,"2016","2410","6.0","10.3"
13,28,17,0,0,"2016","40077","100.0","2.3"
13,28,17,0,0,"2016","39",NULL,"93.5"
14,29,17,0,0,"2016","154360","69.4","1.2"
14,29,17,0,0,"2016","47594","21.4","2.7"
14,29,17,0,0,"2016","10106","4.5","4.3"
14,29,17,0,0,"2016","16508","7.4","5.7"
14,29,17,0,0,"2016","222569","100.0","0.5"
14,29,17,0,0,"2016","201",NULL,"20.6"
15,30,17,0,0,"2016","68029","64.4","1.9"
15,30,17,0,0,"2016","26616","25.2","3.3"
15,30,17,0,0,"2016","5201","4.9","9.2"
15,30,17,0,0,"2016","9255","8.8","4.3"
15,30,17,0,0,"2016","105586","100.0","1.2"
15,30,17,0,0,"2016","98",NULL,"36.3"
16,32,17,0,0,"2016","38245","58.2","3.1"
16,32,17,0,0,"2016","21681","33.0","3.2"
16,32,17,0,0,"2016","3301","5.0","11.2"
16,32,17,0,0,"2016","5534","8.4","11.8"
16,32,17,0,0,"2016","65670","100.0","1.3"
16,32,17,0,0,"2016","64",NULL,"52.4"
17,34,17,0,0,"2016","36687","63.1","3.5"
17,34,17,0,0,"2016","15659","26.9","4.3"
17,34,17,0,0,"2016","2727","4.7","9.5"
17,34,17,0,0,"2016","4709","8.1","6.8"
17,34,17,0,0,"2016","58155","100.0","2.3"
17,34,17,0,0,"2016","180",NULL,"53.5"
18,36,17,0,0,"2016","41625","67.0","1.9"
18,36,17,0,0,"2016","13690","22.0","3.3"
18,36,17,0,0,"2016","3983","6.4","8.2"
18,36,17,0,0,"2016","4683","7.5","7.0"
18,36,17,0,0,"2016","62142","100.0","1.5"
18,36,17,0,0,"2016","185",NULL,"37.0"
19,39,17,0,0,"2016","49429","69.2","1.4"
19,39,17,0,0,"2016","13936","19.5","4.7"
19,39,17,0,0,"2016","4778","6.7","8.0"
19,39,17,0,0,"2016","5317","7.4","7.8"
19,39,17,0,0,"2016","71478","100.0","1.5"
19,39,17,0,0,"2016","98",NULL,"53.0"
20,41,17,0,0,"2016","18766","64.4","2.7"
20,41,17,0,0,"2016","7480","25.7","4.7"
20,41,17,0,0,"2016","1191","4.1","16.9"
20,41,17,0,0,"2016","2357","8.1","12.1"
20,41,17,0,0,"2016","29118","100.0","2.2"
20,41,17,0,0,"2016","106",NULL,"42.3"
21,42,17,0,0,"2016","65456","71.4","2.1"
21,42,17,0,0,"2016","18017","19.7","3.0"
21,42,17,0,0,"2016","3879","4.2","8.0"
21,42,17,0,0,"2016","6936","7.6","6.5"
21,42,17,0,0,"2016","91664","100.0","1.5"
21,42,17,0,0,"2016","214",NULL,"40.1"
22,43,17,0,0,"2016","72972","67.0","1.6"
22,43,17,0,0,"2016","24378","22.4","4.4"
22,43,17,0,0,"2016","5417","5.0","10.0"
22,43,17,0,0,"2016","9072","8.3","6.0"
22,43,17,0,0,"2016","108911","100.0","1.1"
22,43,17,0,0,"2016","353",NULL,"34.5"
23,46,17,0,0,"2016","98552","63.6","1.4"
23,46,17,0,0,"2016","41351","26.7","3.1"
23,46,17,0,0,"2016","7538","4.9","5.9"
23,46,17,0,0,"2016","12797","8.3","6.5"
23,46,17,0,0,"2016","154927","100.0","1.1"
23,46,17,0,0,"2016","186",NULL,"37.2"
24,49,17,0,0,"2016","70824","64.4","1.8"
24,49,17,0,0,"2016","31530","28.6","3.4"
24,49,17,0,0,"2016","3683","3.3","11.5"
24,49,17,0,0,"2016","7516","6.8","5.1"
24,49,17,0,0,"2016","110060","100.0","1.1"
24,49,17,0,0,"2016","83",NULL,"45.0"
25,50,17,0,0,"2016","22205","63.0","3.0"
25,50,17,0,0,"2016","8670","24.6","4.3"
25,50,17,0,0,"2016","2510","7.1","9.6"
25,50,17,0,0,"2016","2845","8.1","9.6"
25,50,17,0,0,"2016","35265","100.0","2.5"
25,50,17,0,0,"2016","190",NULL,"50.8"
26,51,17,0,0,"2016","69849","67.7","1.9"
26,51,17,0,0,"2016","23058","22.4","3.0"
26,51,17,0,0,"2016","5596","5.4","11.6"
26,51,17,0,0,"2016","7349","7.1","6.3"
26,51,17,0,0,"2016","103159","100.0","1.6"
26,51,17,0,0,"2016","258",NULL,"27.6"
27,52,17,0,0,"2016","20296","64.1","3.5"
27,52,17,0,0,"2016","8928","28.2","5.3"
27,52,17,0,0,"2016","1009","3.2","16.8"
27,52,17,0,0,"2016","2152","6.8","6.9"
27,52,17,0,0,"2016","31679","100.0","1.7"
27,52,17,0,0,"2016","51",NULL,"65.8"
28,54,17,0,0,"2016","30022","65.6","3.2"
28,54,17,0,0,"2016","11395","24.9","4.8"
28,54,17,0,0,"2016","2455","5.4","9.8"
28,54,17,0,0,"2016","3570","7.8","9.9"
28,54,17,0,0,"2016","45732","100.0","2.2"
28,54,17,0,0,"2016","117",NULL,"65.8"
29,55,17,0,0,"2016","32452","74.3","3.0"
29,55,17,0,0,"2016","7824","17.9","4.0"
29,55,17,0,0,"2016","1379","3.2","24.0"
29,55,17,0,0,"2016","3271","7.5","14.1"
29,55,17,0,0,"2016","43670","100.0","2.4"
29,55,17,0,0,"2016","141",NULL,"41.5"
30,56,17,0,0,"2016","17107","69.0","2.2"
30,56,17,0,0,"2016","6106","24.6","5.2"
30,56,17,0,0,"2016","795","3.2","18.6"
30,56,17,0,0,"2016","1611","6.5","11.1"
30,56,17,0,0,"2016","24795","100.0","2.7"
30,56,17,0,0,"2016","79",NULL,"68.2"
31,57,17,0,0,"2016","112067","70.1","2.6"
31,57,17,0,0,"2016","32775","20.5","4.2"
31,57,17,0,0,"2016","7062","4.4","8.6"
31,57,17,0,0,"2016","12299","7.7","5.6"
31,57,17,0,0,"2016","159814","100.0","2.2"
31,57,17,0,0,"2016","428",NULL,"23.5"
32,58,17,0,0,"2016","20903","67.3","2.7"
32,58,17,0,0,"2016","7227","23.3","5.4"
32,58,17,0,0,"2016","1587","5.1","10.4"
32,58,17,0,0,"2016","2304","7.4","12.6"
32,58,17,0,0,"2016","31059","100.0","1.5"
32,58,17,0,0,"2016","6",NULL,"0.0"
33,60,17,0,0,"2016","240809","71.1","1.4"
33,60,17,0,0,"2016","63882","18.9","3.3"
33,60,17,0,0,"2016","14577","4.3","3.9"
33,60,17,0,0,"2016","26359","7.8","3.9"
33,60,17,0,0,"2016","338716","100.0","1.0"
33,60,17,0,0,"2016","1003",NULL,"23.3"
34,62,17,0,0,"2016","110876","69.5","1.5"
34,62,17,0,0,"2016","31804","19.9","3.4"
34,62,17,0,0,"2016","8085","5.1","8.9"
34,62,17,0,0,"2016","12221","7.7","6.7"
34,62,17,0,0,"2016","159469","100.0","1.1"
34,62,17,0,0,"2016","313",NULL,"37.9"
35,63,17,0,0,"2016","12979","60.5","3.4"
35,63,17,0,0,"2016","6875","32.1","9.4"
35,63,17,0,0,"2016","1293","6.0","17.6"
35,63,17,0,0,"2016","1201","5.6","15.7"
35,63,17,0,0,"2016","21438","100.0","3.4"
35,63,17,0,0,"2016","24",NULL,"93.8"
36,64,17,0,0,"2016","103151","60.9","0.9"
36,64,17,0,0,"2016","46189","27.3","2.9"
36,64,17,0,0,"2016","10918","6.4","4.8"
36,64,17,0,0,"2016","15408","9.1","3.7"
36,64,17,0,0,"2016","169359","100.0","1.2"
36,64,17,0,0,"2016","446",NULL,"39.5"
37,65,17,0,0,"2016","45468","68.6","1.2"
37,65,17,0,0,"2016","13523","20.4","3.6"
37,65,17,0,0,"2016","3378","5.1","12.4"
37,65,17,0,0,"2016","5546","8.4","7.9"
37,65,17,0,0,"2016","66296","100.0","1.9"
37,65,17,0,0,"2016","58",NULL,"45.6"
38,67,17,0,0,"2016","61551","66.9","2.4"
38,67,17,0,0,"2016","21868","23.8","3.4"
38,67,17,0,0,"2016","4016","4.4","10.7"
38,67,17,0,0,"2016","6931","7.5","8.8"
38,67,17,0,0,"2016","91994","100.0","1.3"
38,67,17,0,0,"2016","167",NULL,"45.6"
39,69,17,0,0,"2016","127222","63.5","0.8"
39,69,17,0,0,"2016","48196","24.1","3.2"
39,69,17,0,0,"2016","11434","5.7","4.1"
39,69,17,0,0,"2016","18887","9.4","4.5"
39,69,17,0,0,"2016","200243","100.0","0.8"
39,69,17,0,0,"2016","323",NULL,"26.9"
40,76,17,0,0,"2016","11541","65.6","5.0"
40,76,17,0,0,"2016","3817","21.7","7.6"
40,76,17,0,0,"2016","809","4.6","18.1"
40,76,17,0,0,"2016","1859","10.6","17.3"
40,76,17,0,0,"2016","17586","100.0","1.9"
40,76,17,0,0,"2016","0",NULL,"0.0"
41,86,17,0,0,"2016","45443","66.6","1.5"
41,86,17,0,0,"2016","14158","20.8","7.4"
41,86,17,0,0,"2016","4177","6.1","13.4"
41,86,17,0,0,"2016","5794","8.5","5.8"
41,86,17,0,0,"2016","68189","100.0","1.3"
41,86,17,0,0,"2016","192",NULL,"41.5"
42,87,17,0,0,"2016","13563","57.5","3.4"
42,87,17,0,0,"2016","7736","32.8","8.8"
42,87,17,0,0,"2016","1070","4.5","20.0"
42,87,17,0,0,"2016","2040","8.6","13.4"
42,87,17,0,0,"2016","23593","100.0","3.2"
42,87,17,0,0,"2016","75",NULL,"74.6"
43,90,17,0,0,"2016","57716","65.7","1.1"
43,90,17,0,0,"2016","21491","24.5","6.8"
43,90,17,0,0,"2016","3775","4.3","9.8"
43,90,17,0,0,"2016","6845","7.8","7.4"
43,90,17,0,0,"2016","87851","100.0","1.6"
43,90,17,0,0,"2016","288",NULL,"29.9"
44,91,17,0,0,"2016","263971","72.2","0.8"
44,91,17,0,0,"2016","72146","19.7","3.3"
44,91,17,0,0,"2016","13706","3.7","3.8"
44,91,17,0,0,"2016","23946","6.6","3.7"
44,91,17,0,0,"2016","365571","100.0","0.7"
44,91,17,0,0,"2016","882",NULL,"22.8"
45,93,17,0,0,"2016","46829","73.7","2.2"
45,93,17,0,0,"2016","11070","17.4","6.3"
45,93,17,0,0,"2016","2102","3.3","5.8"
45,93,17,0,0,"2016","5404","8.5","10.1"
45,93,17,0,0,"2016","63536","100.0","1.7"
45,93,17,0,0,"2016","123",NULL,"39.3"
46,94,17,0,0,"2016","10354","66.4","3.7"
46,94,17,0,0,"2016","3672","23.6","5.3"
46,94,17,0,0,"2016","568","3.6","26.0"
46,94,17,0,0,"2016","1336","8.6","15.6"
46,94,17,0,0,"2016","15591","100.0","2.7"
46,94,17,0,0,"2016","36",NULL,"93.0"
47,95,17,0,0,"2016","98149","71.6","0.9"
47,95,17,0,0,"2016","27307","19.9","3.9"
47,95,17,0,0,"2016","5143","3.8","9.2"
47,95,17,0,0,"2016","10003","7.3","7.4"
47,95,17,0,0,"2016","137098","100.0","1.2"
47,95,17,0,0,"2016","420",NULL,"39.7"
48,97,17,0,0,"2016","101462","70.1","1.4"
48,97,17,0,0,"2016","32925","22.8","3.1"
48,97,17,0,0,"2016","4761","3.3","14.2"
48,97,17,0,0,"2016","9438","6.5","5.9"
48,97,17,0,0,"2016","144650","100.0","1.2"
48,97,17,0,0,"2016","430",NULL,"24.7"
49,99,17,0,0,"2016","14324","62.9","2.9"
49,99,17,0,0,"2016","4939","21.7","10.9"
49,99,17,0,0,"2016","2071","9.1","14.3"
49,99,17,0,0,"2016","1996","8.8","7.3"
49,99,17,0,0,"2016","22772","100.0","1.8"
49,99,17,0,0,"2016","36",NULL,"91.7"
50,100,17,0,0,"2016","67950","60.9","1.7"
50,100,17,0,0,"2016","32525","29.1","3.4"
50,100,17,0,0,"2016","5798","5.2","9.6"
50,100,17,0,0,"2016","9767","8.8","5.0"
50,100,17,0,0,"2016","111606","100.0","0.6"
50,100,17,0,0,"2016","204",NULL,"48.0"
51,101,17,0,0,"2016","11951","65.7","4.5"
51,101,17,0,0,"2016","4663","25.6","8.8"
51,101,17,0,0,"2016","934","5.1","26.2"
51,101,17,0,0,"2016","1706","9.4","20.2"
51,101,17,0,0,"2016","18192","100.0","4.2"
51,101,17,0,0,"2016","21",NULL,"76.5"
52,4,17,0,0,"2016","68494","77.5","2.2"
52,4,17,0,0,"2016","13623","15.4","5.6"
52,4,17,0,0,"2016","3006","3.4","13.7"
52,4,17,0,0,"2016","4920","5.6","5.3"
52,4,17,0,0,"2016","88355","100.0","1.0"
52,4,17,0,0,"2016","306",NULL,"42.2"
53,5,17,0,0,"2016","26159","77.2","3.7"
53,5,17,0,0,"2016","5656","16.7","8.8"
53,5,17,0,0,"2016","669","2.0","21.2"
53,5,17,0,0,"2016","2154","6.4","14.5"
53,5,17,0,0,"2016","33874","100.0","2.9"
53,5,17,0,0,"2016","167",NULL,"47.2"
54,6,17,0,0,"2016","32441","71.2","2.5"
54,6,17,0,0,"2016","8890","19.5","4.6"
54,6,17,0,0,"2016","1996","4.4","11.6"
54,6,17,0,0,"2016","3502","7.7","9.5"
54,6,17,0,0,"2016","45538","100.0","2.5"
54,6,17,0,0,"2016","88",NULL,"68.9"
55,7,17,0,0,"2016","11280","67.0","3.0"
55,7,17,0,0,"2016","3925","23.3","10.4"
55,7,17,0,0,"2016","730","4.3","17.3"
55,7,17,0,0,"2016","1336","7.9","16.5"
55,7,17,0,0,"2016","16840","100.0","2.5"
55,7,17,0,0,"2016","50",NULL,"98.0"
56,8,17,0,0,"2016","53442","69.9","1.8"
56,8,17,0,0,"2016","16046","21.0","6.1"
56,8,17,0,0,"2016","3431","4.5","14.4"
56,8,17,0,0,"2016","5551","7.3","8.3"
56,8,17,0,0,"2016","76497","100.0","1.4"
56,8,17,0,0,"2016","411",NULL,"33.4"
57,9,17,0,0,"2016","12527","66.0","4.5"
57,9,17,0,0,"2016","4555","24.0","8.6"
57,9,17,0,0,"2016","834","4.4","18.3"
57,9,17,0,0,"2016","1439","7.6","9.8"
57,9,17,0,0,"2016","18993","100.0","3.2"
57,9,17,0,0,"2016","18",NULL,"52.2"
58,11,17,0,0,"2016","30710","72.3","4.1"
58,11,17,0,0,"2016","7971","18.8","8.7"
58,11,17,0,0,"2016","1957","4.6","10.2"
58,11,17,0,0,"2016","2626","6.2","10.0"
58,11,17,0,0,"2016","42451","100.0","3.2"
58,11,17,0,0,"2016","54",NULL,"51.4"
59,12,17,0,0,"2016","121742","72.5","1.9"
59,12,17,0,0,"2016","31854","19.0","3.5"
59,12,17,0,0,"2016","6346","3.8","6.4"
59,12,17,0,0,"2016","11808","7.0","5.3"
59,12,17,0,0,"2016","167937","100.0","1.1"
59,12,17,0,0,"2016","152",NULL,"32.1"
60,13,17,0,0,"2016","19425","62.4","2.1"
60,13,17,0,0,"2016","8525","27.4","5.8"
60,13,17,0,0,"2016","1810","5.8","16.2"
60,13,17,0,0,"2016","2573","8.3","11.7"
60,13,17,0,0,"2016","31115","100.0","2.9"
60,13,17,0,0,"2016","100",NULL,"65.9"
61,14,17,0,0,"2016","21703","60.7","4.0"
61,14,17,0,0,"2016","8257","23.1","6.7"
61,14,17,0,0,"2016","2856","8.0","9.6"
61,14,17,0,0,"2016","4214","11.8","7.0"
61,14,17,0,0,"2016","35779","100.0","1.8"
61,14,17,0,0,"2016","0",NULL,"0.0"
62,16,17,0,0,"2016","18119","66.0","2.7"
62,16,17,0,0,"2016","6925","25.2","9.0"
62,16,17,0,0,"2016","1345","4.9","9.7"
62,16,17,0,0,"2016","2254","8.2","10.9"
62,16,17,0,0,"2016","27469","100.0","2.8"
62,16,17,0,0,"2016","125",NULL,"66.4"
63,18,17,0,0,"2016","76339","74.7","1.3"
63,18,17,0,0,"2016","18638","18.2","6.1"
63,18,17,0,0,"2016","3095","3.0","10.8"
63,18,17,0,0,"2016","6353","6.2","6.8"
63,18,17,0,0,"2016","102174","100.0","2.1"
63,18,17,0,0,"2016","264",NULL,"47.4"
64,20,17,0,0,"2016","45151","73.6","1.9"
64,20,17,0,0,"2016","11371","18.5","6.2"
64,20,17,0,0,"2016","1859","3.0","19.5"
64,20,17,0,0,"2016","4246","6.9","8.2"
64,20,17,0,0,"2016","61317","100.0","1.7"
64,20,17,0,0,"2016","46",NULL,"68.0"
65,21,17,0,0,"2016","45821","67.1","2.1"
65,21,17,0,0,"2016","16059","23.5","3.6"
65,21,17,0,0,"2016","3381","5.0","7.5"
65,21,17,0,0,"2016","5166","7.6","6.6"
65,21,17,0,0,"2016","68285","100.0","1.0"
65,21,17,0,0,"2016","117",NULL,"40.3"
66,25,17,0,0,"2016","11378","58.8","5.1"
66,25,17,0,0,"2016","5369","27.8","5.5"
66,25,17,0,0,"2016","1182","6.1","14.2"
66,25,17,0,0,"2016","2184","11.3","12.5"
66,25,17,0,0,"2016","19340","100.0","2.9"
66,25,17,0,0,"2016","34",NULL,"97.0"
67,27,17,0,0,"2016","62301","73.2","1.5"
67,27,17,0,0,"2016","15956","18.8","3.5"
67,27,17,0,0,"2016","2656","3.1","11.5"
67,27,17,0,0,"2016","5885","6.9","10.4"
67,27,17,0,0,"2016","85068","100.0","1.5"
67,27,17,0,0,"2016","242",NULL,"31.3"
68,31,17,0,0,"2016","22253","68.9","3.0"
68,31,17,0,0,"2016","7228","22.4","5.1"
68,31,17,0,0,"2016","1236","3.8","17.0"
68,31,17,0,0,"2016","2568","8.0","7.2"
68,31,17,0,0,"2016","32286","100.0","2.5"
68,31,17,0,0,"2016","7",NULL,"0.0"
69,33,17,0,0,"2016","18917","75.4","2.9"
69,33,17,0,0,"2016","3967","15.8","6.4"
69,33,17,0,0,"2016","811","3.2","19.9"
69,33,17,0,0,"2016","1975","7.9","14.0"
69,33,17,0,0,"2016","25073","100.0","3.4"
69,33,17,0,0,"2016","50",NULL,"53.1"
70,35,17,0,0,"2016","24268","67.6","4.2"
70,35,17,0,0,"2016","8330","23.2","5.0"
70,35,17,0,0,"2016","1510","4.2","13.7"
70,35,17,0,0,"2016","2501","7.0","10.5"
70,35,17,0,0,"2016","35874","100.0","2.7"
70,35,17,0,0,"2016","108",NULL,"52.0"
71,37,17,0,0,"2016","21739","75.6","2.9"
71,37,17,0,0,"2016","4923","17.1","9.3"
71,37,17,0,0,"2016","744","2.6","28.8"
71,37,17,0,0,"2016","2350","8.2","16.2"
71,37,17,0,0,"2016","28743","100.0","2.4"
71,37,17,0,0,"2016","140",NULL,"41.8"
72,38,17,0,0,"2016","194402","75.6","1.2"
72,38,17,0,0,"2016","42318","16.5","2.5"
72,38,17,0,0,"2016","8480","3.3","6.2"
72,38,17,0,0,"2016","18305","7.1","4.0"
72,38,17,0,0,"2016","257042","100.0","1.0"
72,38,17,0,0,"2016","497",NULL,"34.1"
73,40,17,0,0,"2016","13475","66.2","3.1"
73,40,17,0,0,"2016","4852","23.8","5.8"
73,40,17,0,0,"2016","1325","6.5","17.6"
73,40,17,0,0,"2016","1456","7.2","18.6"
73,40,17,0,0,"2016","20352","100.0","2.8"
73,40,17,0,0,"2016","71",NULL,"53.8"
74,44,17,0,0,"2016","9578","65.5","6.2"
74,44,17,0,0,"2016","3443","23.5","7.5"
74,44,17,0,0,"2016","824","5.6","12.2"
74,44,17,0,0,"2016","1209","8.3","11.7"
74,44,17,0,0,"2016","14631","100.0","3.5"
74,44,17,0,0,"2016","32",NULL,"63.0"
75,45,17,0,0,"2016","93257","78.2","1.7"
75,45,17,0,0,"2016","18175","15.2","6.1"
75,45,17,0,0,"2016","2712","2.3","14.1"
75,45,17,0,0,"2016","6592","5.5","5.9"
75,45,17,0,0,"2016","119275","100.0","2.0"
75,45,17,0,0,"2016","444",NULL,"24.9"
76,47,17,0,0,"2016","18621","65.4","3.6"
76,47,17,0,0,"2016","6839","24.0","5.4"
76,47,17,0,0,"2016","1849","6.5","17.3"
76,47,17,0,0,"2016","2132","7.5","9.7"
76,47,17,0,0,"2016","28469","100.0","2.2"
76,47,17,0,0,"2016","1",NULL,"0.0"
77,48,17,0,0,"2016","47057","69.7","2.9"
77,48,17,0,0,"2016","15940","23.6","6.6"
77,48,17,0,0,"2016","1797","2.7","14.7"
77,48,17,0,0,"2016","4369","6.5","10.1"
77,48,17,0,0,"2016","67471","100.0","2.1"
77,48,17,0,0,"2016","48",NULL,"52.0"
78,53,17,0,0,"2016","19663","68.5","2.7"
78,53,17,0,0,"2016","6678","23.3","9.0"
78,53,17,0,0,"2016","842","2.9","15.6"
78,53,17,0,0,"2016","2116","7.4","9.1"
78,53,17,0,0,"2016","28695","100.0","2.3"
78,53,17,0,0,"2016","78",NULL,"40.7"
79,59,17,0,0,"2016","13994","71.3","5.2"
79,59,17,0,0,"2016","3284","16.7","7.9"
79,59,17,0,0,"2016","984","5.0","19.6"
79,59,17,0,0,"2016","1614","8.2","12.9"
79,59,17,0,0,"2016","19616","100.0","3.5"
79,59,17,0,0,"2016","54",NULL,"51.6"
80,61,17,0,0,"2016","265434","72.5","1.6"
80,61,17,0,0,"2016","66233","18.1","2.1"
80,61,17,0,0,"2016","15235","4.2","6.4"
80,61,17,0,0,"2016","26545","7.3","3.3"
80,61,17,0,0,"2016","366102","100.0","1.1"
80,61,17,0,0,"2016","1081",NULL,"21.3"
81,66,17,0,0,"2016","18909","72.2","3.0"
81,66,17,0,0,"2016","4670","17.8","7.9"
81,66,17,0,0,"2016","956","3.7","19.8"
81,66,17,0,0,"2016","2306","8.8","20.2"
81,66,17,0,0,"2016","26176","100.0","4.0"
81,66,17,0,0,"2016","38",NULL,"58.8"
82,68,17,0,0,"2016","32264","75.4","2.6"
82,68,17,0,0,"2016","6725","15.7","7.7"
82,68,17,0,0,"2016","1350","3.2","25.2"
82,68,17,0,0,"2016","2955","6.9","8.9"
82,68,17,0,0,"2016","42790","100.0","2.4"
82,68,17,0,0,"2016","5",NULL,"90.3"
83,70,17,0,0,"2016","65012","69.6","1.4"
83,70,17,0,0,"2016","19552","20.9","6.0"
83,70,17,0,0,"2016","3731","4.0","10.5"
83,70,17,0,0,"2016","7215","7.7","8.4"
83,70,17,0,0,"2016","93407","100.0","1.9"
83,70,17,0,0,"2016","314",NULL,"43.9"
84,71,17,0,0,"2016","46777","75.1","1.9"
84,71,17,0,0,"2016","11126","17.9","6.4"
84,71,17,0,0,"2016","1505","2.4","16.0"
84,71,17,0,0,"2016","3661","5.9","9.6"
84,71,17,0,0,"2016","62272","100.0","1.3"
84,71,17,0,0,"2016","90",NULL,"70.8"
85,72,17,0,0,"2016","25731","63.8","2.0"
85,72,17,0,0,"2016","8751","21.7","6.7"
85,72,17,0,0,"2016","3027","7.5","10.3"
85,72,17,0,0,"2016","4251","10.5","7.8"
85,72,17,0,0,"2016","40357","100.0","1.8"
85,72,17,0,0,"2016","104",NULL,"42.1"
86,73,17,0,0,"2016","37977","69.8","2.8"
86,73,17,0,0,"2016","11446","21.0","3.3"
86,73,17,0,0,"2016","2370","4.4","12.9"
86,73,17,0,0,"2016","4221","7.8","8.5"
86,73,17,0,0,"2016","54434","100.0","2.3"
86,73,17,0,0,"2016","44",NULL,"60.5"
87,74,17,0,0,"2016","16334","64.4","4.3"
87,74,17,0,0,"2016","5954","23.5","5.6"
87,74,17,0,0,"2016","1094","4.3","12.4"
87,74,17,0,0,"2016","2628","10.4","12.0"
87,74,17,0,0,"2016","25355","100.0","1.9"
87,74,17,0,0,"2016","17",NULL,"97.0"
88,75,17,0,0,"2016","17685","74.1","1.9"
88,75,17,0,0,"2016","4347","18.2","6.2"
88,75,17,0,0,"2016","741","3.1","26.2"
88,75,17,0,0,"2016","1653","6.9","15.7"
88,75,17,0,0,"2016","23881","100.0","2.2"
88,75,17,0,0,"2016","7",NULL,"64.4"
89,77,17,0,0,"2016","14905","68.7","1.3"
89,77,17,0,0,"2016","4925","22.7","6.3"
89,77,17,0,0,"2016","802","3.7","19.6"
89,77,17,0,0,"2016","1560","7.2","11.9"
89,77,17,0,0,"2016","21710","100.0","1.8"
89,77,17,0,0,"2016","47",NULL,"77.9"
90,78,17,0,0,"2016","36674","73.3","1.8"
90,78,17,0,0,"2016","9337","18.7","9.1"
90,78,17,0,0,"2016","1330","2.7","16.3"
90,78,17,0,0,"2016","3508","7.0","15.1"
90,78,17,0,0,"2016","50049","100.0","2.6"
90,78,17,0,0,"2016","160",NULL,"45.1"
91,79,17,0,0,"2016","23286","69.1","2.4"
91,79,17,0,0,"2016","7670","22.8","5.9"
91,79,17,0,0,"2016","1010","3.0","20.0"
91,79,17,0,0,"2016","2712","8.1","8.3"
91,79,17,0,0,"2016","33675","100.0","2.5"
91,79,17,0,0,"2016","0",NULL,"0.0"
92,88,17,0,0,"2016","33383","68.9","2.1"
92,88,17,0,0,"2016","9821","20.3","6.3"
92,88,17,0,0,"2016","2924","6.0","9.8"
92,88,17,0,0,"2016","3579","7.4","8.1"
92,88,17,0,0,"2016","48433","100.0","1.9"
92,88,17,0,0,"2016","106",NULL,"70.2"
93,80,17,0,0,"2016","18151","71.6","2.9"
93,80,17,0,0,"2016","4514","17.8","7.7"
93,80,17,0,0,"2016","1063","4.2","11.5"
93,80,17,0,0,"2016","2630","10.4","12.4"
93,80,17,0,0,"2016","25359","100.0","2.3"
93,80,17,0,0,"2016","57",NULL,"48.0"
94,81,17,0,0,"2016","20369","71.6","4.1"
94,81,17,0,0,"2016","5535","19.5","6.9"
94,81,17,0,0,"2016","1319","4.6","12.9"
94,81,17,0,0,"2016","1870","6.6","20.9"
94,81,17,0,0,"2016","28437","100.0","4.4"
94,81,17,0,0,"2016","56",NULL,"62.0"
95,82,17,0,0,"2016","45348","73.9","2.7"
95,82,17,0,0,"2016","11574","18.9","5.0"
95,82,17,0,0,"2016","1534","2.5","19.2"
95,82,17,0,0,"2016","4049","6.6","9.8"
95,82,17,0,0,"2016","61396","100.0","2.4"
95,82,17,0,0,"2016","91",NULL,"49.0"
96,83,17,0,0,"2016","66482","72.1","2.2"
96,83,17,0,0,"2016","19290","20.9","2.5"
96,83,17,0,0,"2016","2849","3.1","13.1"
96,83,17,0,0,"2016","5973","6.5","7.9"
96,83,17,0,0,"2016","92258","100.0","1.8"
96,83,17,0,0,"2016","202",NULL,"41.4"
97,84,17,0,0,"2016","26085","73.8","4.6"
97,84,17,0,0,"2016","7009","19.8","4.9"
97,84,17,0,0,"2016","1010","2.9","21.9"
97,84,17,0,0,"2016","2219","6.3","14.0"
97,84,17,0,0,"2016","35355","100.0","3.6"
97,84,17,0,0,"2016","64",NULL,"51.8"
98,85,17,0,0,"2016","56023","71.4","1.6"
98,85,17,0,0,"2016","16345","20.8","4.5"
98,85,17,0,0,"2016","3024","3.9","18.8"
98,85,17,0,0,"2016","5365","6.8","7.2"
98,85,17,0,0,"2016","78487","100.0","1.1"
98,85,17,0,0,"2016","240",NULL,"45.6"
99,89,17,0,0,"2016","39041","72.2","2.6"
99,89,17,0,0,"2016","10458","19.3","5.7"
99,89,17,0,0,"2016","1746","3.2","19.2"
99,89,17,0,0,"2016","3962","7.3","8.6"
99,89,17,0,0,"2016","54055","100.0","3.0"
99,89,17,0,0,"2016","126",NULL,"53.6"
100,96,17,0,0,"2016","18189","67.5","4.2"
100,96,17,0,0,"2016","5700","21.1","6.8"
100,96,17,0,0,"2016","1155","4.3","25.5"
100,96,17,0,0,"2016","2741","10.2","10.8"
100,96,17,0,0,"2016","26965","100.0","2.7"
100,96,17,0,0,"2016","90",NULL,"63.2"
101,98,17,0,0,"2016","72186","75.5","2.2"
101,98,17,0,0,"2016","16633","17.4","4.1"
101,98,17,0,0,"2016","3034","3.2","14.9"
101,98,17,0,0,"2016","6081","6.4","6.1"
101,98,17,0,0,"2016","95560","100.0","1.9"
101,98,17,0,0,"2016","283",NULL,"44.7"
